ticker,name,theme,avg_price,memo
1301.T,極洋,水産・農林業,,プライム内国株式; TOPIX Small 1; JPX20260430
1332.T,ニッスイ,水産・農林業,,プライム内国株式; TOPIX Mid400; JPX20260430
1333.T,Ｕｍｉｏｓ,水産・農林業,,プライム内国株式; TOPIX Mid400; JPX20260430
1375.T,ユキグニファクトリー,水産・農林業,,プライム内国株式; TOPIX Small 2; JPX20260430
1377.T,サカタのタネ,水産・農林業,,プライム内国株式; TOPIX Small 1; JPX20260430
1379.T,ホクト,水産・農林業,,プライム内国株式; TOPIX Small 2; JPX20260430
1414.T,ショーボンドホールディングス,建設業,,プライム内国株式; TOPIX Mid400; JPX20260430
1417.T,ミライト・ワン,建設業,,プライム内国株式; TOPIX Mid400; JPX20260430
1419.T,タマホーム,建設業,,プライム内国株式; TOPIX Small 1; JPX20260430
1429.T,日本アクア,建設業,,プライム内国株式; JPX20260430
1433.T,ベステラ,建設業,,プライム内国株式; JPX20260430
1515.T,日鉄鉱業,鉱業,,プライム内国株式; TOPIX Small 1; JPX20260430
1518.T,三井松島ホールディングス,その他製品,,プライム内国株式; TOPIX Small 1; JPX20260430
1605.T,ＩＮＰＥＸ,鉱業,,プライム内国株式; TOPIX Mid400; JPX20260430
1662.T,石油資源開発,鉱業,,プライム内国株式; TOPIX Small 1; JPX20260430
1663.T,Ｋ＆Ｏエナジーグループ,鉱業,,プライム内国株式; TOPIX Small 1; JPX20260430
167A.T,リョーサン菱洋ホールディングス,卸売業,,プライム内国株式; TOPIX Small 1; JPX20260430
1719.T,安藤・間,建設業,,プライム内国株式; TOPIX Mid400; JPX20260430
1720.T,東急建設,建設業,,プライム内国株式; TOPIX Small 1; JPX20260430
1721.T,コムシスホールディングス,建設業,,プライム内国株式; TOPIX Mid400; JPX20260430
1726.T,ビーアールホールディングス,建設業,,プライム内国株式; TOPIX Small 2; JPX20260430
1762.T,高松コンストラクショングループ,建設業,,プライム内国株式; TOPIX Small 2; JPX20260430
1766.T,東建コーポレーション,建設業,,プライム内国株式; TOPIX Small 1; JPX20260430
1780.T,ヤマウラ,建設業,,プライム内国株式; TOPIX Small 2; JPX20260430
1786.T,オリエンタル白石,建設業,,プライム内国株式; TOPIX Small 2; JPX20260430
1801.T,大成建設,建設業,,プライム内国株式; TOPIX Mid400; JPX20260430
1802.T,大林組,建設業,,プライム内国株式; TOPIX Mid400; JPX20260430
1803.T,清水建設,建設業,,プライム内国株式; TOPIX Mid400; JPX20260430
1808.T,長谷工コーポレーション,建設業,,プライム内国株式; TOPIX Mid400; JPX20260430
1812.T,鹿島建設,建設業,,プライム内国株式; TOPIX Mid400; JPX20260430
1813.T,不動テトラ,建設業,,プライム内国株式; TOPIX Small 2; JPX20260430
1814.T,大末建設,建設業,,プライム内国株式; JPX20260430
1815.T,鉄建建設,建設業,,プライム内国株式; TOPIX Small 2; JPX20260430
1820.T,西松建設,建設業,,プライム内国株式; TOPIX Mid400; JPX20260430
1833.T,奥村組,建設業,,プライム内国株式; TOPIX Small 1; JPX20260430
1835.T,東鉄工業,建設業,,プライム内国株式; TOPIX Small 1; JPX20260430
1852.T,淺沼組,建設業,,プライム内国株式; TOPIX Small 1; JPX20260430
1860.T,戸田建設,建設業,,プライム内国株式; TOPIX Mid400; JPX20260430
1861.T,熊谷組,建設業,,プライム内国株式; TOPIX Small 1; JPX20260430
1870.T,矢作建設工業,建設業,,プライム内国株式; TOPIX Small 1; JPX20260430
1871.T,ピーエス・コンストラクション,建設業,,プライム内国株式; TOPIX Small 2; JPX20260430
1873.T,日本ハウスホールディングス,建設業,,プライム内国株式; TOPIX Small 2; JPX20260430
1878.T,大東建託,不動産業,,プライム内国株式; TOPIX Mid400; JPX20260430
1879.T,新日本建設,建設業,,プライム内国株式; TOPIX Small 2; JPX20260430
1882.T,東亜道路工業,建設業,,プライム内国株式; TOPIX Small 1; JPX20260430
1885.T,東亜建設工業,建設業,,プライム内国株式; TOPIX Small 1; JPX20260430
1887.T,日本国土開発,建設業,,プライム内国株式; TOPIX Small 2; JPX20260430
1888.T,若築建設,建設業,,プライム内国株式; TOPIX Small 2; JPX20260430
1893.T,五洋建設,建設業,,プライム内国株式; TOPIX Mid400; JPX20260430
1898.T,世紀東急工業,建設業,,プライム内国株式; TOPIX Small 1; JPX20260430
1899.T,福田組,建設業,,プライム内国株式; TOPIX Small 2; JPX20260430
1911.T,住友林業,建設業,,プライム内国株式; TOPIX Mid400; JPX20260430
1925.T,大和ハウス工業,建設業,,プライム内国株式; TOPIX Large70; JPX20260430
1926.T,ライト工業,建設業,,プライム内国株式; TOPIX Small 1; JPX20260430
1928.T,積水ハウス,建設業,,プライム内国株式; TOPIX Large70; JPX20260430
1929.T,日特建設,建設業,,プライム内国株式; TOPIX Small 2; JPX20260430
1930.T,北陸電気工事,建設業,,プライム内国株式; TOPIX Small 2; JPX20260430
1934.T,ユアテック,建設業,,プライム内国株式; TOPIX Small 1; JPX20260430
1938.T,日本リーテック,建設業,,プライム内国株式; TOPIX Small 2; JPX20260430
1939.T,四電工,建設業,,プライム内国株式; TOPIX Small 2; JPX20260430
1941.T,中電工,建設業,,プライム内国株式; TOPIX Small 1; JPX20260430
1942.T,関電工,建設業,,プライム内国株式; TOPIX Mid400; JPX20260430
1944.T,きんでん,建設業,,プライム内国株式; TOPIX Mid400; JPX20260430
1945.T,東京エネシス,建設業,,プライム内国株式; TOPIX Small 2; JPX20260430
1946.T,トーエネック,建設業,,プライム内国株式; TOPIX Small 2; JPX20260430
1950.T,日本電設工業,建設業,,プライム内国株式; TOPIX Small 1; JPX20260430
1951.T,エクシオグループ,建設業,,プライム内国株式; TOPIX Mid400; JPX20260430
1952.T,新日本空調,建設業,,プライム内国株式; TOPIX Small 1; JPX20260430
1959.T,クラフティア,建設業,,プライム内国株式; TOPIX Mid400; JPX20260430
1961.T,三機工業,建設業,,プライム内国株式; TOPIX Small 1; JPX20260430
1963.T,日揮ホールディングス,建設業,,プライム内国株式; TOPIX Mid400; JPX20260430
1964.T,中外炉工業,建設業,,プライム内国株式; TOPIX Small 2; JPX20260430
1968.T,太平電業,建設業,,プライム内国株式; TOPIX Small 1; JPX20260430
1969.T,高砂熱学工業,建設業,,プライム内国株式; TOPIX Mid400; JPX20260430
1975.T,朝日工業社,建設業,,プライム内国株式; TOPIX Small 1; JPX20260430
1976.T,明星工業,建設業,,プライム内国株式; TOPIX Small 2; JPX20260430
1979.T,大氣社,建設業,,プライム内国株式; TOPIX Small 1; JPX20260430
1980.T,ダイダン,建設業,,プライム内国株式; TOPIX Small 1; JPX20260430
1982.T,日比谷総合設備,建設業,,プライム内国株式; TOPIX Small 2; JPX20260430
2001.T,ニップン,食料品,,プライム内国株式; TOPIX Small 1; JPX20260430
2002.T,日清製粉グループ本社,食料品,,プライム内国株式; TOPIX Mid400; JPX20260430
2004.T,昭和産業,食料品,,プライム内国株式; TOPIX Small 2; JPX20260430
2053.T,中部飼料,食料品,,プライム内国株式; TOPIX Small 2; JPX20260430
2060.T,フィード・ワン,食料品,,プライム内国株式; TOPIX Small 2; JPX20260430
2108.T,日本甜菜製糖,食料品,,プライム内国株式; TOPIX Small 2; JPX20260430
2109.T,ＤＭ三井製糖,食料品,,プライム内国株式; TOPIX Small 1; JPX20260430
2117.T,ウェルネオシュガー,食料品,,プライム内国株式; TOPIX Small 2; JPX20260430
2120.T,ＬＩＦＵＬＬ,サービス業,,プライム内国株式; TOPIX Small 2; JPX20260430
2121.T,ＭＩＸＩ,情報・通信業,,プライム内国株式; TOPIX Small 1; JPX20260430
2124.T,ジェイエイシーリクルートメント,サービス業,,プライム内国株式; TOPIX Small 1; JPX20260430
2127.T,日本Ｍ＆Ａセンターホールディングス,サービス業,,プライム内国株式; TOPIX Mid400; JPX20260430
212A.T,フィットイージー,サービス業,,プライム内国株式; TOPIX Small 2; JPX20260430
2130.T,メンバーズ,サービス業,,プライム内国株式; TOPIX Small 2; JPX20260430
2146.T,ＵＴグループ,サービス業,,プライム内国株式; TOPIX Small 1; JPX20260430
2148.T,アイティメディア,サービス業,,プライム内国株式; TOPIX Small 2; JPX20260430
2153.T,Ｅ・Ｊホールディングス,サービス業,,プライム内国株式; TOPIX Small 2; JPX20260430
2154.T,オープンアップグループ,サービス業,,プライム内国株式; TOPIX Small 1; JPX20260430
2157.T,コシダカホールディングス,サービス業,,プライム内国株式; TOPIX Small 1; JPX20260430
2163.T,アルトナー,サービス業,,プライム内国株式; JPX20260430
2168.T,パソナグループ,サービス業,,プライム内国株式; TOPIX Small 1; JPX20260430
2170.T,リンクアンドモチベーション,サービス業,,プライム内国株式; TOPIX Small 2; JPX20260430
2175.T,エス・エム・エス,サービス業,,プライム内国株式; TOPIX Small 1; JPX20260430
2181.T,パーソルホールディングス,サービス業,,プライム内国株式; TOPIX Mid400; JPX20260430
2198.T,アイ・ケイ・ケイホールディングス,サービス業,,プライム内国株式; JPX20260430
2201.T,森永製菓,食料品,,プライム内国株式; TOPIX Mid400; JPX20260430
2206.T,江崎グリコ,食料品,,プライム内国株式; TOPIX Mid400; JPX20260430
2207.T,ｍｅｉｔｏ,食料品,,プライム内国株式; TOPIX Small 2; JPX20260430
2209.T,井村屋グループ,食料品,,プライム内国株式; TOPIX Small 2; JPX20260430
2211.T,不二家,食料品,,プライム内国株式; TOPIX Small 2; JPX20260430
2212.T,山崎製パン,食料品,,プライム内国株式; TOPIX Mid400; JPX20260430
2217.T,モロゾフ,食料品,,プライム内国株式; TOPIX Small 2; JPX20260430
2220.T,亀田製菓,食料品,,プライム内国株式; TOPIX Small 1; JPX20260430
2222.T,寿スピリッツ,食料品,,プライム内国株式; TOPIX Mid400; JPX20260430
2229.T,カルビー,食料品,,プライム内国株式; TOPIX Mid400; JPX20260430
2264.T,森永乳業,食料品,,プライム内国株式; TOPIX Mid400; JPX20260430
2266.T,六甲バター,食料品,,プライム内国株式; TOPIX Small 2; JPX20260430
2267.T,ヤクルト本社,食料品,,プライム内国株式; TOPIX Mid400; JPX20260430
2269.T,明治ホールディングス,食料品,,プライム内国株式; TOPIX Mid400; JPX20260430
2270.T,雪印メグミルク,食料品,,プライム内国株式; TOPIX Small 1; JPX20260430
2281.T,プリマハム,食料品,,プライム内国株式; TOPIX Small 1; JPX20260430
2282.T,日本ハム,食料品,,プライム内国株式; TOPIX Mid400; JPX20260430
2288.T,丸大食品,食料品,,プライム内国株式; TOPIX Small 2; JPX20260430
2292.T,Ｓ　Ｆｏｏｄｓ,食料品,,プライム内国株式; TOPIX Small 1; JPX20260430
2294.T,柿安本店,食料品,,プライム内国株式; TOPIX Small 2; JPX20260430
2296.T,伊藤ハム米久ホールディングス,食料品,,プライム内国株式; TOPIX Small 1; JPX20260430
2301.T,学情,サービス業,,プライム内国株式; TOPIX Small 2; JPX20260430
2307.T,クロスキャット,情報・通信業,,プライム内国株式; TOPIX Small 2; JPX20260430
2317.T,システナ,情報・通信業,,プライム内国株式; TOPIX Small 1; JPX20260430
2325.T,ＮＪＳ,サービス業,,プライム内国株式; TOPIX Small 2; JPX20260430
2326.T,デジタルアーツ,情報・通信業,,プライム内国株式; TOPIX Small 1; JPX20260430
2327.T,日鉄ソリューションズ,情報・通信業,,プライム内国株式; TOPIX Mid400; JPX20260430
2331.T,ＡＬＳＯＫ,サービス業,,プライム内国株式; TOPIX Mid400; JPX20260430
2335.T,キューブシステム,情報・通信業,,プライム内国株式; TOPIX Small 2; JPX20260430
2337.T,いちご,不動産業,,プライム内国株式; TOPIX Small 1; JPX20260430
2353.T,日本駐車場開発,不動産業,,プライム内国株式; TOPIX Small 1; JPX20260430
2359.T,コア,情報・通信業,,プライム内国株式; TOPIX Small 2; JPX20260430
2371.T,カカクコム,サービス業,,プライム内国株式; TOPIX Mid400; JPX20260430
2378.T,ルネサンス,サービス業,,プライム内国株式; TOPIX Small 2; JPX20260430
2379.T,ディップ,サービス業,,プライム内国株式; TOPIX Small 1; JPX20260430
2384.T,ＳＢＳホールディングス,陸運業,,プライム内国株式; TOPIX Small 1; JPX20260430
2395.T,新日本科学,サービス業,,プライム内国株式; TOPIX Small 2; JPX20260430
2410.T,キャリアデザインセンター,サービス業,,プライム内国株式; JPX20260430
2413.T,エムスリー,サービス業,,プライム内国株式; TOPIX Mid400; JPX20260430
2429.T,ワールドホールディングス,サービス業,,プライム内国株式; TOPIX Small 2; JPX20260430
2432.T,ディー・エヌ・エー,情報・通信業,,プライム内国株式; TOPIX Mid400; JPX20260430
2433.T,博報堂ＤＹホールディングス,サービス業,,プライム内国株式; TOPIX Mid400; JPX20260430
2461.T,ファンコミュニケーションズ,サービス業,,プライム内国株式; TOPIX Small 2; JPX20260430
2462.T,ライク,サービス業,,プライム内国株式; TOPIX Small 2; JPX20260430
2471.T,エスプール,サービス業,,プライム内国株式; TOPIX Small 2; JPX20260430
2475.T,ＷＤＢホールディングス,サービス業,,プライム内国株式; TOPIX Small 2; JPX20260430
2491.T,バリューコマース,サービス業,,プライム内国株式; TOPIX Small 2; JPX20260430
2492.T,インフォマート,サービス業,,プライム内国株式; TOPIX Small 1; JPX20260430
2501.T,サッポロホールディングス,食料品,,プライム内国株式; TOPIX Mid400; JPX20260430
2502.T,アサヒグループホールディングス,食料品,,プライム内国株式; TOPIX Large70; JPX20260430
2503.T,キリンホールディングス,食料品,,プライム内国株式; TOPIX Large70; JPX20260430
2531.T,宝ホールディングス,食料品,,プライム内国株式; TOPIX Mid400; JPX20260430
2533.T,オエノンホールディングス,食料品,,プライム内国株式; TOPIX Small 2; JPX20260430
2540.T,養命酒製造,食料品,,プライム内国株式; TOPIX Small 2; JPX20260430
256A.T,飛島ホールディングス,建設業,,プライム内国株式; TOPIX Small 2; JPX20260430
2579.T,コカ・コーラ　ボトラーズジャパンホールディングス,食料品,,プライム内国株式; TOPIX Mid400; JPX20260430
2585.T,ライフドリンク　カンパニー,食料品,,プライム内国株式; TOPIX Small 1; JPX20260430
2587.T,サントリービバレッジ＆フード,食料品,,プライム内国株式; TOPIX Mid400; JPX20260430
2590.T,ダイドーグループホールディングス,食料品,,プライム内国株式; TOPIX Small 1; JPX20260430
2593.T,伊藤園,食料品,,プライム内国株式; TOPIX Mid400; JPX20260430
25935.T,伊藤園第１種優先株式,食料品,,プライム内国株式; JPX20260430
2594.T,キーコーヒー,食料品,,プライム内国株式; TOPIX Small 2; JPX20260430
2602.T,日清オイリオグループ,食料品,,プライム内国株式; TOPIX Small 1; JPX20260430
2607.T,不二製油,食料品,,プライム内国株式; TOPIX Mid400; JPX20260430
2613.T,Ｊ－オイルミルズ,食料品,,プライム内国株式; TOPIX Small 2; JPX20260430
262A.T,インターメスティック,小売業,,プライム内国株式; TOPIX Small 2; JPX20260430
2659.T,サンエー,小売業,,プライム内国株式; TOPIX Small 1; JPX20260430
2664.T,カワチ薬品,小売業,,プライム内国株式; TOPIX Small 1; JPX20260430
2670.T,エービーシー・マート,小売業,,プライム内国株式; TOPIX Mid400; JPX20260430
2674.T,ハードオフコーポレーション,小売業,,プライム内国株式; TOPIX Small 2; JPX20260430
2676.T,高千穂交易,卸売業,,プライム内国株式; TOPIX Small 2; JPX20260430
2678.T,アスクル,小売業,,プライム内国株式; TOPIX Small 1; JPX20260430
2681.T,ゲオホールディングス,小売業,,プライム内国株式; TOPIX Small 1; JPX20260430
2685.T,アンドエスティＨＤ,小売業,,プライム内国株式; TOPIX Small 1; JPX20260430
268A.T,リガク・ホールディングス,精密機器,,プライム内国株式; TOPIX Small 1; JPX20260430
2692.T,伊藤忠食品,卸売業,,プライム内国株式; TOPIX Small 2; JPX20260430
2695.T,くら寿司,小売業,,プライム内国株式; TOPIX Small 1; JPX20260430
2726.T,パルグループホールディングス,小売業,,プライム内国株式; TOPIX Small 1; JPX20260430
2730.T,エディオン,小売業,,プライム内国株式; TOPIX Small 1; JPX20260430
2733.T,あらた,卸売業,,プライム内国株式; TOPIX Small 1; JPX20260430
2734.T,サーラコーポレーション,小売業,,プライム内国株式; TOPIX Small 2; JPX20260430
2737.T,トーメンデバイス,卸売業,,プライム内国株式; TOPIX Small 2; JPX20260430
2742.T,ハローズ,小売業,,プライム内国株式; TOPIX Small 2; JPX20260430
2749.T,ＪＰホールディングス,サービス業,,プライム内国株式; TOPIX Small 1; JPX20260430
2752.T,フジオフードグループ本社,小売業,,プライム内国株式; TOPIX Small 1; JPX20260430
2753.T,あみやき亭,小売業,,プライム内国株式; TOPIX Small 2; JPX20260430
2760.T,東京エレクトロン　デバイス,卸売業,,プライム内国株式; TOPIX Small 1; JPX20260430
2767.T,円谷フィールズホールディングス,卸売業,,プライム内国株式; TOPIX Small 1; JPX20260430
2768.T,双日,卸売業,,プライム内国株式; TOPIX Mid400; JPX20260430
277A.T,グロービング,サービス業,,プライム内国株式; JPX20260430
2784.T,アルフレッサ　ホールディングス,卸売業,,プライム内国株式; TOPIX Mid400; JPX20260430
2791.T,大黒天物産,小売業,,プライム内国株式; TOPIX Small 1; JPX20260430
2792.T,ハニーズホールディングス,小売業,,プライム内国株式; TOPIX Small 2; JPX20260430
2801.T,キッコーマン,食料品,,プライム内国株式; TOPIX Mid400; JPX20260430
2802.T,味の素,食料品,,プライム内国株式; TOPIX Large70; JPX20260430
2804.T,ブルドックソース,食料品,,プライム内国株式; TOPIX Small 2; JPX20260430
2809.T,キユーピー,食料品,,プライム内国株式; TOPIX Mid400; JPX20260430
2810.T,ハウス食品グループ本社,食料品,,プライム内国株式; TOPIX Mid400; JPX20260430
2811.T,カゴメ,食料品,,プライム内国株式; TOPIX Mid400; JPX20260430
2815.T,アリアケジャパン,食料品,,プライム内国株式; TOPIX Small 1; JPX20260430
285A.T,キオクシアホールディングス,電気機器,,プライム内国株式; TOPIX Mid400; JPX20260430
2871.T,ニチレイ,食料品,,プライム内国株式; TOPIX Mid400; JPX20260430
2874.T,横浜冷凍,卸売業,,プライム内国株式; TOPIX Small 1; JPX20260430
2875.T,東洋水産,食料品,,プライム内国株式; TOPIX Mid400; JPX20260430
2882.T,イートアンドホールディングス,食料品,,プライム内国株式; TOPIX Small 2; JPX20260430
2884.T,ヨシムラ・フード・ホールディングス,食料品,,プライム内国株式; TOPIX Small 2; JPX20260430
2897.T,日清食品ホールディングス,食料品,,プライム内国株式; TOPIX Mid400; JPX20260430
2908.T,フジッコ,食料品,,プライム内国株式; TOPIX Small 2; JPX20260430
2910.T,ロック・フィールド,食料品,,プライム内国株式; TOPIX Small 2; JPX20260430
2914.T,日本たばこ産業,食料品,,プライム内国株式; TOPIX Core30; JPX20260430
2915.T,ケンコーマヨネーズ,食料品,,プライム内国株式; TOPIX Small 2; JPX20260430
2918.T,わらべや日洋ホールディングス,食料品,,プライム内国株式; TOPIX Small 1; JPX20260430
2922.T,なとり,食料品,,プライム内国株式; TOPIX Small 2; JPX20260430
2929.T,ファーマフーズ,食料品,,プライム内国株式; TOPIX Small 2; JPX20260430
2930.T,北の達人コーポレーション,化学,,プライム内国株式; TOPIX Small 2; JPX20260430
2931.T,ユーグレナ,食料品,,プライム内国株式; TOPIX Small 1; JPX20260430
2933.T,紀文食品,食料品,,プライム内国株式; TOPIX Small 2; JPX20260430
2935.T,ピックルスホールディングス,食料品,,プライム内国株式; TOPIX Small 2; JPX20260430
2975.T,スター・マイカ・ホールディングス,不動産業,,プライム内国株式; TOPIX Small 2; JPX20260430
2980.T,ＳＲＥホールディングス,不動産業,,プライム内国株式; TOPIX Small 2; JPX20260430
2982.T,ＡＤワークスグループ,不動産業,,プライム内国株式; JPX20260430
3002.T,グンゼ,繊維製品,,プライム内国株式; TOPIX Small 1; JPX20260430
3003.T,ヒューリック,不動産業,,プライム内国株式; TOPIX Mid400; JPX20260430
3028.T,アルペン,小売業,,プライム内国株式; TOPIX Small 1; JPX20260430
3031.T,ラクーンホールディングス,情報・通信業,,プライム内国株式; TOPIX Small 2; JPX20260430
3034.T,クオールホールディングス,小売業,,プライム内国株式; TOPIX Small 1; JPX20260430
3036.T,アルコニックス,卸売業,,プライム内国株式; TOPIX Small 1; JPX20260430
3038.T,神戸物産,卸売業,,プライム内国株式; TOPIX Mid400; JPX20260430
3040.T,ソリトンシステムズ,情報・通信業,,プライム内国株式; TOPIX Small 2; JPX20260430
3046.T,ジンズホールディングス,小売業,,プライム内国株式; TOPIX Small 1; JPX20260430
3048.T,ビックカメラ,小売業,,プライム内国株式; TOPIX Mid400; JPX20260430
3050.T,ＤＣＭホールディングス,小売業,,プライム内国株式; TOPIX Small 1; JPX20260430
3064.T,ＭｏｎｏｔａＲＯ,小売業,,プライム内国株式; TOPIX Mid400; JPX20260430
3076.T,あい　ホールディングス,卸売業,,プライム内国株式; TOPIX Small 1; JPX20260430
3086.T,Ｊ．フロント　リテイリング,小売業,,プライム内国株式; TOPIX Mid400; JPX20260430
3087.T,ドトール・日レスホールディングス,小売業,,プライム内国株式; TOPIX Small 1; JPX20260430
3088.T,マツキヨココカラ＆カンパニー,小売業,,プライム内国株式; TOPIX Mid400; JPX20260430
3091.T,ブロンコビリー,小売業,,プライム内国株式; TOPIX Small 1; JPX20260430
3092.T,ＺＯＺＯ,小売業,,プライム内国株式; TOPIX Mid400; JPX20260430
3093.T,トレジャー・ファクトリー,小売業,,プライム内国株式; TOPIX Small 2; JPX20260430
3097.T,物語コーポレーション,小売業,,プライム内国株式; TOPIX Small 1; JPX20260430
3099.T,三越伊勢丹ホールディングス,小売業,,プライム内国株式; TOPIX Mid400; JPX20260430
3101.T,東洋紡,化学,,プライム内国株式; TOPIX Small 1; JPX20260430
3104.T,富士紡ホールディングス,繊維製品,,プライム内国株式; TOPIX Small 2; JPX20260430
3105.T,日清紡ホールディングス,電気機器,,プライム内国株式; TOPIX Mid400; JPX20260430
3106.T,倉敷紡績,繊維製品,,プライム内国株式; TOPIX Small 1; JPX20260430
3107.T,ダイワボウホールディングス,卸売業,,プライム内国株式; TOPIX Mid400; JPX20260430
3109.T,シキボウ,繊維製品,,プライム内国株式; TOPIX Small 2; JPX20260430
3110.T,日東紡績,ガラス・土石製品,,プライム内国株式; TOPIX Small 1; JPX20260430
3116.T,トヨタ紡織,輸送用機器,,プライム内国株式; TOPIX Mid400; JPX20260430
3132.T,マクニカホールディングス,卸売業,,プライム内国株式; TOPIX Mid400; JPX20260430
3139.T,ラクト・ジャパン,卸売業,,プライム内国株式; TOPIX Small 2; JPX20260430
3148.T,クリエイトＳＤホールディングス,小売業,,プライム内国株式; TOPIX Small 1; JPX20260430
3150.T,グリムス,電気・ガス業,,プライム内国株式; TOPIX Small 2; JPX20260430
3151.T,バイタルケーエスケー・ホールディングス,卸売業,,プライム内国株式; TOPIX Small 2; JPX20260430
3153.T,八洲電機,卸売業,,プライム内国株式; TOPIX Small 2; JPX20260430
3154.T,メディアスホールディングス,卸売業,,プライム内国株式; TOPIX Small 2; JPX20260430
3156.T,レスター,卸売業,,プライム内国株式; TOPIX Small 2; JPX20260430
3167.T,ＴＯＫＡＩホールディングス,卸売業,,プライム内国株式; TOPIX Small 1; JPX20260430
3176.T,三洋貿易,卸売業,,プライム内国株式; TOPIX Small 2; JPX20260430
3179.T,シュッピン,小売業,,プライム内国株式; TOPIX Small 2; JPX20260430
3180.T,ビューティガレージ,卸売業,,プライム内国株式; TOPIX Small 2; JPX20260430
3182.T,オイシックス・ラ・大地,小売業,,プライム内国株式; TOPIX Small 1; JPX20260430
3183.T,ウイン・パートナーズ,卸売業,,プライム内国株式; TOPIX Small 2; JPX20260430
3186.T,ネクステージ,小売業,,プライム内国株式; TOPIX Small 1; JPX20260430
3191.T,ジョイフル本田,小売業,,プライム内国株式; TOPIX Small 1; JPX20260430
3193.T,エターナルホスピタリティグループ,小売業,,プライム内国株式; TOPIX Small 2; JPX20260430
3196.T,ホットランドホールディングス,小売業,,プライム内国株式; TOPIX Small 2; JPX20260430
3197.T,すかいらーくホールディングス,小売業,,プライム内国株式; TOPIX Mid400; JPX20260430
3198.T,ＳＦＰホールディングス,小売業,,プライム内国株式; TOPIX Small 2; JPX20260430
3199.T,綿半ホールディングス,小売業,,プライム内国株式; TOPIX Small 2; JPX20260430
3201.T,日本毛織,繊維製品,,プライム内国株式; TOPIX Small 1; JPX20260430
3221.T,ヨシックスホールディングス,小売業,,プライム内国株式; TOPIX Small 2; JPX20260430
3231.T,野村不動産ホールディングス,不動産業,,プライム内国株式; TOPIX Mid400; JPX20260430
3232.T,三重交通グループホールディングス,不動産業,,プライム内国株式; TOPIX Small 2; JPX20260430
3245.T,ディア・ライフ,不動産業,,プライム内国株式; TOPIX Small 2; JPX20260430
3252.T,地主,不動産業,,プライム内国株式; TOPIX Small 2; JPX20260430
3276.T,ＪＰＭＣ,不動産業,,プライム内国株式; TOPIX Small 2; JPX20260430
3284.T,フージャースホールディングス,不動産業,,プライム内国株式; TOPIX Small 2; JPX20260430
3288.T,オープンハウスグループ,不動産業,,プライム内国株式; TOPIX Mid400; JPX20260430
3289.T,東急不動産ホールディングス,不動産業,,プライム内国株式; TOPIX Mid400; JPX20260430
3291.T,飯田グループホールディングス,不動産業,,プライム内国株式; TOPIX Mid400; JPX20260430
3302.T,帝国繊維,繊維製品,,プライム内国株式; TOPIX Small 2; JPX20260430
3315.T,日本コークス工業,石油・石炭製品,,プライム内国株式; TOPIX Small 2; JPX20260430
3333.T,あさひ,小売業,,プライム内国株式; TOPIX Small 2; JPX20260430
3349.T,コスモス薬品,小売業,,プライム内国株式; TOPIX Mid400; JPX20260430
3360.T,シップヘルスケアホールディングス,卸売業,,プライム内国株式; TOPIX Mid400; JPX20260430
3371.T,ソフトクリエイトホールディングス,情報・通信業,,プライム内国株式; TOPIX Small 2; JPX20260430
3382.T,セブン＆アイ・ホールディングス,小売業,,プライム内国株式; TOPIX Core30; JPX20260430
3387.T,クリエイト・レストランツ・ホールディングス,小売業,,プライム内国株式; TOPIX Small 1; JPX20260430
3388.T,明治電機工業,卸売業,,プライム内国株式; TOPIX Small 2; JPX20260430
3391.T,ツルハホールディングス,小売業,,プライム内国株式; TOPIX Mid400; JPX20260430
3393.T,スターティアホールディングス,卸売業,,プライム内国株式; JPX20260430
3395.T,サンマルクホールディングス,小売業,,プライム内国株式; TOPIX Small 1; JPX20260430
3397.T,トリドールホールディングス,小売業,,プライム内国株式; TOPIX Mid400; JPX20260430
3401.T,帝人,繊維製品,,プライム内国株式; TOPIX Mid400; JPX20260430
3402.T,東レ,繊維製品,,プライム内国株式; TOPIX Mid400; JPX20260430
3405.T,クラレ,化学,,プライム内国株式; TOPIX Mid400; JPX20260430
3407.T,旭化成,化学,,プライム内国株式; TOPIX Large70; JPX20260430
3415.T,ＴＯＫＹＯ　ＢＡＳＥ,小売業,,プライム内国株式; TOPIX Small 2; JPX20260430
3431.T,宮地エンジニアリンググループ,金属製品,,プライム内国株式; TOPIX Small 1; JPX20260430
3433.T,トーカロ,金属製品,,プライム内国株式; TOPIX Small 1; JPX20260430
3436.T,ＳＵＭＣＯ,金属製品,,プライム内国株式; TOPIX Mid400; JPX20260430
3443.T,川田テクノロジーズ,金属製品,,プライム内国株式; TOPIX Small 2; JPX20260430
3445.T,ＲＳ　Ｔｅｃｈｎｏｌｏｇｉｅｓ,金属製品,,プライム内国株式; TOPIX Small 1; JPX20260430
3457.T,Ａｎｄ　Ｄｏホールディングス,不動産業,,プライム内国株式; TOPIX Small 2; JPX20260430
3465.T,ケイアイスター不動産,不動産業,,プライム内国株式; TOPIX Small 1; JPX20260430
3475.T,グッドコムアセット,不動産業,,プライム内国株式; TOPIX Small 2; JPX20260430
3480.T,ジェイ・エス・ビー,不動産業,,プライム内国株式; TOPIX Small 2; JPX20260430
3482.T,ロードスターキャピタル,不動産業,,プライム内国株式; TOPIX Small 2; JPX20260430
3486.T,グローバル・リンク・マネジメント,不動産業,,プライム内国株式; JPX20260430
3496.T,アズーム,不動産業,,プライム内国株式; TOPIX Small 2; JPX20260430
3498.T,霞ヶ関キャピタル,不動産業,,プライム内国株式; TOPIX Small 1; JPX20260430
3501.T,ＳＵＭＩＮＯＥ,繊維製品,,プライム内国株式; JPX20260430
3539.T,ＪＭホールディングス,小売業,,プライム内国株式; TOPIX Small 2; JPX20260430
3543.T,コメダホールディングス,卸売業,,プライム内国株式; TOPIX Small 1; JPX20260430
3546.T,アレンザホールディングス,小売業,,プライム内国株式; TOPIX Small 2; JPX20260430
3548.T,バロックジャパンリミテッド,小売業,,プライム内国株式; TOPIX Small 2; JPX20260430
3549.T,クスリのアオキホールディングス,小売業,,プライム内国株式; TOPIX Mid400; JPX20260430
3561.T,力の源ホールディングス,小売業,,プライム内国株式; TOPIX Small 2; JPX20260430
3563.T,ＦＯＯＤ　＆　ＬＩＦＥ　ＣＯＭＰＡＮＩＥＳ,小売業,,プライム内国株式; TOPIX Mid400; JPX20260430
3569.T,セーレン,繊維製品,,プライム内国株式; TOPIX Small 1; JPX20260430
3580.T,小松マテーレ,繊維製品,,プライム内国株式; TOPIX Small 2; JPX20260430
3591.T,ワコールホールディングス,繊維製品,,プライム内国株式; TOPIX Mid400; JPX20260430
3593.T,ホギメディカル,繊維製品,,プライム内国株式; TOPIX Small 1; JPX20260430
3608.T,ＴＳＩホールディングス,繊維製品,,プライム内国株式; TOPIX Small 1; JPX20260430
3612.T,ワールド,繊維製品,,プライム内国株式; TOPIX Small 1; JPX20260430
3626.T,ＴＩＳ,情報・通信業,,プライム内国株式; TOPIX Mid400; JPX20260430
3632.T,グリーホールディングス,情報・通信業,,プライム内国株式; TOPIX Small 2; JPX20260430
3635.T,コーエーテクモホールディングス,情報・通信業,,プライム内国株式; TOPIX Mid400; JPX20260430
3636.T,三菱総合研究所,情報・通信業,,プライム内国株式; TOPIX Small 1; JPX20260430
3649.T,ファインデックス,情報・通信業,,プライム内国株式; TOPIX Small 2; JPX20260430
3656.T,ＫＬａｂ,情報・通信業,,プライム内国株式; TOPIX Small 2; JPX20260430
3657.T,ポールトゥウィンホールディングス,情報・通信業,,プライム内国株式; TOPIX Small 2; JPX20260430
3659.T,ネクソン,情報・通信業,,プライム内国株式; TOPIX Mid400; JPX20260430
3660.T,アイスタイル,情報・通信業,,プライム内国株式; TOPIX Small 1; JPX20260430
3661.T,エムアップホールディングス,情報・通信業,,プライム内国株式; TOPIX Small 1; JPX20260430
3662.T,エイチームホールディングス,情報・通信業,,プライム内国株式; TOPIX Small 2; JPX20260430
3663.T,セルシス,情報・通信業,,プライム内国株式; TOPIX Small 2; JPX20260430
3665.T,エニグモ,情報・通信業,,プライム内国株式; TOPIX Small 2; JPX20260430
3668.T,コロプラ,情報・通信業,,プライム内国株式; TOPIX Small 1; JPX20260430
3673.T,ブロードリーフ,情報・通信業,,プライム内国株式; TOPIX Small 1; JPX20260430
3676.T,デジタルハーツホールディングス,情報・通信業,,プライム内国株式; TOPIX Small 2; JPX20260430
3678.T,メディアドゥ,情報・通信業,,プライム内国株式; TOPIX Small 2; JPX20260430
3679.T,じげん,情報・通信業,,プライム内国株式; TOPIX Small 2; JPX20260430
3681.T,ブイキューブ,情報・通信業,,プライム内国株式; TOPIX Small 2; JPX20260430
3687.T,フィックスターズ,情報・通信業,,プライム内国株式; TOPIX Small 2; JPX20260430
368A.T,北里コーポレーション,精密機器,,プライム内国株式; TOPIX Small 2; JPX20260430
3694.T,オプティム,情報・通信業,,プライム内国株式; TOPIX Small 2; JPX20260430
3696.T,セレス,情報・通信業,,プライム内国株式; TOPIX Small 2; JPX20260430
3697.T,ＳＨＩＦＴ,情報・通信業,,プライム内国株式; TOPIX Mid400; JPX20260430
3708.T,特種東海製紙,パルプ・紙,,プライム内国株式; TOPIX Small 2; JPX20260430
3741.T,セック,情報・通信業,,プライム内国株式; TOPIX Small 2; JPX20260430
3762.T,テクマトリックス,情報・通信業,,プライム内国株式; TOPIX Small 1; JPX20260430
3763.T,プロシップ,情報・通信業,,プライム内国株式; TOPIX Small 2; JPX20260430
3765.T,ガンホー・オンライン・エンターテイメント,情報・通信業,,プライム内国株式; TOPIX Small 1; JPX20260430
3769.T,ＧＭＯペイメントゲートウェイ,情報・通信業,,プライム内国株式; TOPIX Mid400; JPX20260430
3771.T,システムリサーチ,情報・通信業,,プライム内国株式; TOPIX Small 2; JPX20260430
3774.T,インターネットイニシアティブ,情報・通信業,,プライム内国株式; TOPIX Mid400; JPX20260430
3778.T,さくらインターネット,情報・通信業,,プライム内国株式; TOPIX Small 1; JPX20260430
3788.T,ＧＭＯグローバルサイン・ホールディングス,情報・通信業,,プライム内国株式; TOPIX Small 2; JPX20260430
3817.T,ＳＲＡホールディングス,情報・通信業,,プライム内国株式; TOPIX Small 2; JPX20260430
3834.T,朝日ネット,情報・通信業,,プライム内国株式; TOPIX Small 2; JPX20260430
3835.T,ｅＢＡＳＥ,情報・通信業,,プライム内国株式; TOPIX Small 2; JPX20260430
3836.T,アバントグループ,情報・通信業,,プライム内国株式; TOPIX Small 2; JPX20260430
3837.T,アドソル日進,情報・通信業,,プライム内国株式; TOPIX Small 2; JPX20260430
3843.T,フリービット,情報・通信業,,プライム内国株式; TOPIX Small 2; JPX20260430
3844.T,コムチュア,情報・通信業,,プライム内国株式; TOPIX Small 1; JPX20260430
3853.T,アステリア,情報・通信業,,プライム内国株式; TOPIX Small 2; JPX20260430
3854.T,アイル,情報・通信業,,プライム内国株式; TOPIX Small 2; JPX20260430
3861.T,王子ホールディングス,パルプ・紙,,プライム内国株式; TOPIX Mid400; JPX20260430
3863.T,日本製紙,パルプ・紙,,プライム内国株式; TOPIX Small 1; JPX20260430
3864.T,三菱製紙,パルプ・紙,,プライム内国株式; JPX20260430
3865.T,北越コーポレーション,パルプ・紙,,プライム内国株式; TOPIX Small 1; JPX20260430
3877.T,中越パルプ工業,パルプ・紙,,プライム内国株式; JPX20260430
3880.T,大王製紙,パルプ・紙,,プライム内国株式; TOPIX Small 1; JPX20260430
3901.T,マークラインズ,情報・通信業,,プライム内国株式; TOPIX Small 2; JPX20260430
3903.T,ｇｕｍｉ,情報・通信業,,プライム内国株式; TOPIX Small 2; JPX20260430
3915.T,テラスカイ,情報・通信業,,プライム内国株式; TOPIX Small 2; JPX20260430
3916.T,デジタル・インフォメーション・テクノロジー,情報・通信業,,プライム内国株式; TOPIX Small 2; JPX20260430
3921.T,ネオジャパン,情報・通信業,,プライム内国株式; TOPIX Small 2; JPX20260430
3922.T,ＰＲ　ＴＩＭＥＳ,情報・通信業,,プライム内国株式; TOPIX Small 2; JPX20260430
3923.T,ラクス,情報・通信業,,プライム内国株式; TOPIX Mid400; JPX20260430
3925.T,ダブルスタンダード,情報・通信業,,プライム内国株式; TOPIX Small 2; JPX20260430
3932.T,アカツキ,情報・通信業,,プライム内国株式; TOPIX Small 2; JPX20260430
3939.T,カナミックネットワーク,情報・通信業,,プライム内国株式; TOPIX Small 2; JPX20260430
3941.T,レンゴー,パルプ・紙,,プライム内国株式; TOPIX Mid400; JPX20260430
3946.T,トーモク,パルプ・紙,,プライム内国株式; TOPIX Small 2; JPX20260430
3950.T,ザ・パック,パルプ・紙,,プライム内国株式; TOPIX Small 2; JPX20260430
3962.T,チェンジホールディングス,情報・通信業,,プライム内国株式; TOPIX Small 1; JPX20260430
3963.T,シンクロ・フード,情報・通信業,,プライム内国株式; JPX20260430
3964.T,オークネット,情報・通信業,,プライム内国株式; TOPIX Small 2; JPX20260430
3968.T,セグエグループ,情報・通信業,,プライム内国株式; JPX20260430
3983.T,オロ,情報・通信業,,プライム内国株式; TOPIX Small 2; JPX20260430
3984.T,ユーザーローカル,情報・通信業,,プライム内国株式; TOPIX Small 2; JPX20260430
3992.T,ニーズウェル,情報・通信業,,プライム内国株式; JPX20260430
3993.T,ＰＫＳＨＡ　Ｔｅｃｈｎｏｌｏｇｙ,情報・通信業,,プライム内国株式; TOPIX Small 1; JPX20260430
3994.T,マネーフォワード,情報・通信業,,プライム内国株式; TOPIX Mid400; JPX20260430
4004.T,レゾナック・ホールディングス,化学,,プライム内国株式; TOPIX Mid400; JPX20260430
4005.T,住友化学,化学,,プライム内国株式; TOPIX Mid400; JPX20260430
4008.T,住友精化,化学,,プライム内国株式; TOPIX Small 1; JPX20260430
4021.T,日産化学,化学,,プライム内国株式; TOPIX Mid400; JPX20260430
4022.T,ラサ工業,化学,,プライム内国株式; TOPIX Small 2; JPX20260430
4023.T,クレハ,化学,,プライム内国株式; TOPIX Small 1; JPX20260430
4025.T,多木化学,化学,,プライム内国株式; TOPIX Small 2; JPX20260430
4027.T,テイカ,化学,,プライム内国株式; TOPIX Small 2; JPX20260430
4028.T,石原産業,化学,,プライム内国株式; TOPIX Small 1; JPX20260430
4041.T,日本曹達,化学,,プライム内国株式; TOPIX Small 1; JPX20260430
4042.T,東ソー,化学,,プライム内国株式; TOPIX Mid400; JPX20260430
4043.T,トクヤマ,化学,,プライム内国株式; TOPIX Mid400; JPX20260430
4044.T,セントラル硝子,化学,,プライム内国株式; TOPIX Small 1; JPX20260430
4045.T,東亞合成,化学,,プライム内国株式; TOPIX Mid400; JPX20260430
4046.T,大阪ソーダ,化学,,プライム内国株式; TOPIX Small 1; JPX20260430
4047.T,関東電化工業,化学,,プライム内国株式; TOPIX Small 1; JPX20260430
4051.T,ＧＭＯフィナンシャルゲート,情報・通信業,,プライム内国株式; TOPIX Small 2; JPX20260430
4053.T,Ｓｕｎ　Ａｓｔｅｒｉｓｋ,情報・通信業,,プライム内国株式; TOPIX Small 2; JPX20260430
4061.T,デンカ,化学,,プライム内国株式; TOPIX Mid400; JPX20260430
4062.T,イビデン,電気機器,,プライム内国株式; TOPIX Mid400; JPX20260430
4063.T,信越化学工業,化学,,プライム内国株式; TOPIX Core30; JPX20260430
4064.T,日本カーバイド工業,化学,,プライム内国株式; TOPIX Small 2; JPX20260430
4071.T,プラスアルファ・コンサルティング,情報・通信業,,プライム内国株式; TOPIX Small 1; JPX20260430
4072.T,電算システムホールディングス,情報・通信業,,プライム内国株式; TOPIX Small 2; JPX20260430
4078.T,堺化学工業,化学,,プライム内国株式; TOPIX Small 1; JPX20260430
4082.T,第一稀元素化学工業,化学,,プライム内国株式; TOPIX Small 2; JPX20260430
4088.T,エア・ウォーター,化学,,プライム内国株式; TOPIX Mid400; JPX20260430
4091.T,日本酸素ホールディングス,化学,,プライム内国株式; TOPIX Mid400; JPX20260430
4092.T,日本化学工業,化学,,プライム内国株式; TOPIX Small 2; JPX20260430
4095.T,日本パーカライジング,化学,,プライム内国株式; TOPIX Small 1; JPX20260430
4097.T,高圧ガス工業,化学,,プライム内国株式; TOPIX Small 2; JPX20260430
4099.T,四国化成ホールディングス,化学,,プライム内国株式; TOPIX Small 2; JPX20260430
409A.T,オリオンビール,食料品,,プライム内国株式; TOPIX Small 2; JPX20260430
4109.T,ステラ　ケミファ,化学,,プライム内国株式; TOPIX Small 1; JPX20260430
4112.T,保土谷化学工業,化学,,プライム内国株式; TOPIX Small 2; JPX20260430
4114.T,日本触媒,化学,,プライム内国株式; TOPIX Mid400; JPX20260430
4116.T,大日精化工業,化学,,プライム内国株式; TOPIX Small 2; JPX20260430
4118.T,カネカ,化学,,プライム内国株式; TOPIX Mid400; JPX20260430
4151.T,協和キリン,医薬品,,プライム内国株式; TOPIX Mid400; JPX20260430
417A.T,ブルーゾーンホールディングス,小売業,,プライム内国株式; TOPIX Mid400; JPX20260430
4180.T,Ａｐｐｉｅｒ　Ｇｒｏｕｐ,情報・通信業,,プライム内国株式; TOPIX Small 1; JPX20260430
4182.T,三菱瓦斯化学,化学,,プライム内国株式; TOPIX Mid400; JPX20260430
4183.T,三井化学,化学,,プライム内国株式; TOPIX Mid400; JPX20260430
4186.T,東京応化工業,化学,,プライム内国株式; TOPIX Mid400; JPX20260430
4187.T,大阪有機化学工業,化学,,プライム内国株式; TOPIX Small 1; JPX20260430
4188.T,三菱ケミカルグループ,化学,,プライム内国株式; TOPIX Large70; JPX20260430
4189.T,ＫＨネオケム,化学,,プライム内国株式; TOPIX Small 1; JPX20260430
4194.T,ビジョナル,情報・通信業,,プライム内国株式; TOPIX Mid400; JPX20260430
4202.T,ダイセル,化学,,プライム内国株式; TOPIX Mid400; JPX20260430
4203.T,住友ベークライト,化学,,プライム内国株式; TOPIX Mid400; JPX20260430
4204.T,積水化学工業,化学,,プライム内国株式; TOPIX Mid400; JPX20260430
4205.T,日本ゼオン,化学,,プライム内国株式; TOPIX Mid400; JPX20260430
4206.T,アイカ工業,化学,,プライム内国株式; TOPIX Mid400; JPX20260430
4208.T,ＵＢＥ,化学,,プライム内国株式; TOPIX Mid400; JPX20260430
4212.T,積水樹脂,化学,,プライム内国株式; TOPIX Small 1; JPX20260430
4216.T,旭有機材,化学,,プライム内国株式; TOPIX Small 1; JPX20260430
4218.T,ニチバン,化学,,プライム内国株式; TOPIX Small 2; JPX20260430
4220.T,リケンテクノス,化学,,プライム内国株式; TOPIX Small 2; JPX20260430
4221.T,大倉工業,化学,,プライム内国株式; TOPIX Small 2; JPX20260430
4228.T,積水化成品工業,化学,,プライム内国株式; TOPIX Small 2; JPX20260430
4229.T,群栄化学工業,化学,,プライム内国株式; TOPIX Small 2; JPX20260430
4246.T,ダイキョーニシカワ,化学,,プライム内国株式; TOPIX Small 2; JPX20260430
4249.T,森六,化学,,プライム内国株式; TOPIX Small 2; JPX20260430
4251.T,恵和,化学,,プライム内国株式; TOPIX Small 2; JPX20260430
4272.T,日本化薬,化学,,プライム内国株式; TOPIX Mid400; JPX20260430
4275.T,カーリット,化学,,プライム内国株式; TOPIX Small 2; JPX20260430
4290.T,プレステージ・インターナショナル,サービス業,,プライム内国株式; TOPIX Small 1; JPX20260430
429A.T,テクセンドフォトマスク,その他製品,,プライム内国株式; TOPIX Small 2; JPX20260430
4301.T,アミューズ,サービス業,,プライム内国株式; TOPIX Small 2; JPX20260430
4307.T,野村総合研究所,情報・通信業,,プライム内国株式; TOPIX Large70; JPX20260430
4310.T,ドリームインキュベータ,サービス業,,プライム内国株式; TOPIX Small 2; JPX20260430
4318.T,クイック,サービス業,,プライム内国株式; TOPIX Small 2; JPX20260430
4323.T,日本システム技術,情報・通信業,,プライム内国株式; TOPIX Small 2; JPX20260430
4324.T,電通グループ,サービス業,,プライム内国株式; TOPIX Mid400; JPX20260430
4326.T,インテージホールディングス,情報・通信業,,プライム内国株式; TOPIX Small 2; JPX20260430
4331.T,テイクアンドギヴ・ニーズ,サービス業,,プライム内国株式; TOPIX Small 2; JPX20260430
4337.T,ぴあ,サービス業,,プライム内国株式; TOPIX Small 2; JPX20260430
4343.T,イオンファンタジー,サービス業,,プライム内国株式; TOPIX Small 2; JPX20260430
4344.T,ソースネクスト,情報・通信業,,プライム内国株式; TOPIX Small 2; JPX20260430
4345.T,シーティーエス,サービス業,,プライム内国株式; TOPIX Small 2; JPX20260430
4362.T,日本精化,化学,,プライム内国株式; TOPIX Small 2; JPX20260430
4368.T,扶桑化学工業,化学,,プライム内国株式; TOPIX Small 1; JPX20260430
4369.T,トリケミカル研究所,化学,,プライム内国株式; TOPIX Small 1; JPX20260430
4373.T,シンプレクス・ホールディングス,情報・通信業,,プライム内国株式; TOPIX Small 1; JPX20260430
4384.T,ラクスル,情報・通信業,,プライム内国株式; TOPIX Small 1; JPX20260430
4385.T,メルカリ,情報・通信業,,プライム内国株式; TOPIX Mid400; JPX20260430
4390.T,ＩＰＳ,情報・通信業,,プライム内国株式; TOPIX Small 2; JPX20260430
4392.T,ＦＩＧ,情報・通信業,,プライム内国株式; JPX20260430
4396.T,システムサポートホールディングス,情報・通信業,,プライム内国株式; TOPIX Small 2; JPX20260430
4401.T,ＡＤＥＫＡ,化学,,プライム内国株式; TOPIX Mid400; JPX20260430
4403.T,日油,化学,,プライム内国株式; TOPIX Mid400; JPX20260430
4410.T,ハリマ化成グループ,化学,,プライム内国株式; TOPIX Small 2; JPX20260430
4413.T,ボードルア,情報・通信業,,プライム内国株式; TOPIX Small 2; JPX20260430
4432.T,ウイングアーク１ｓｔ,情報・通信業,,プライム内国株式; TOPIX Small 1; JPX20260430
4433.T,ヒト・コミュニケーションズ・ホールディングス,サービス業,,プライム内国株式; TOPIX Small 2; JPX20260430
4443.T,Ｓａｎｓａｎ,情報・通信業,,プライム内国株式; TOPIX Small 1; JPX20260430
4446.T,Ｌｉｎｋ－Ｕグループ,情報・通信業,,プライム内国株式; JPX20260430
4449.T,ギフティ,情報・通信業,,プライム内国株式; TOPIX Small 2; JPX20260430
4452.T,花王,化学,,プライム内国株式; TOPIX Large70; JPX20260430
4461.T,第一工業製薬,化学,,プライム内国株式; TOPIX Small 2; JPX20260430
4462.T,石原ケミカル,化学,,プライム内国株式; TOPIX Small 2; JPX20260430
4471.T,三洋化成工業,化学,,プライム内国株式; TOPIX Small 1; JPX20260430
4480.T,メドレー,情報・通信業,,プライム内国株式; TOPIX Small 1; JPX20260430
4481.T,ベース,情報・通信業,,プライム内国株式; TOPIX Small 2; JPX20260430
4483.T,ＪＭＤＣ,情報・通信業,,プライム内国株式; TOPIX Small 1; JPX20260430
4502.T,武田薬品工業,医薬品,,プライム内国株式; TOPIX Core30; JPX20260430
4503.T,アステラス製薬,医薬品,,プライム内国株式; TOPIX Large70; JPX20260430
4506.T,住友ファーマ,医薬品,,プライム内国株式; TOPIX Mid400; JPX20260430
4507.T,塩野義製薬,医薬品,,プライム内国株式; TOPIX Large70; JPX20260430
4516.T,日本新薬,医薬品,,プライム内国株式; TOPIX Mid400; JPX20260430
4519.T,中外製薬,医薬品,,プライム内国株式; TOPIX Large70; JPX20260430
4521.T,科研製薬,医薬品,,プライム内国株式; TOPIX Small 1; JPX20260430
4523.T,エーザイ,医薬品,,プライム内国株式; TOPIX Mid400; JPX20260430
4526.T,理研ビタミン,食料品,,プライム内国株式; TOPIX Small 2; JPX20260430
4527.T,ロート製薬,医薬品,,プライム内国株式; TOPIX Mid400; JPX20260430
4528.T,小野薬品工業,医薬品,,プライム内国株式; TOPIX Mid400; JPX20260430
4530.T,久光製薬,医薬品,,プライム内国株式; JPX20260430
4534.T,持田製薬,医薬品,,プライム内国株式; TOPIX Small 2; JPX20260430
4536.T,参天製薬,医薬品,,プライム内国株式; TOPIX Mid400; JPX20260430
4538.T,扶桑薬品工業,医薬品,,プライム内国株式; TOPIX Small 2; JPX20260430
4540.T,ツムラ,医薬品,,プライム内国株式; TOPIX Mid400; JPX20260430
4543.T,テルモ,精密機器,,プライム内国株式; TOPIX Large70; JPX20260430
4544.T,Ｈ．Ｕ．グループホールディングス,サービス業,,プライム内国株式; TOPIX Mid400; JPX20260430
4547.T,キッセイ薬品工業,医薬品,,プライム内国株式; TOPIX Small 1; JPX20260430
4548.T,生化学工業,医薬品,,プライム内国株式; TOPIX Small 2; JPX20260430
4549.T,栄研化学,医薬品,,プライム内国株式; TOPIX Small 1; JPX20260430
4552.T,ＪＣＲファーマ,医薬品,,プライム内国株式; TOPIX Small 1; JPX20260430
4553.T,東和薬品,医薬品,,プライム内国株式; TOPIX Small 1; JPX20260430
4554.T,富士製薬工業,医薬品,,プライム内国株式; TOPIX Small 2; JPX20260430
4559.T,ゼリア新薬工業,医薬品,,プライム内国株式; TOPIX Small 1; JPX20260430
4565.T,ネクセラファーマ,医薬品,,プライム内国株式; TOPIX Small 1; JPX20260430
4568.T,第一三共,医薬品,,プライム内国株式; TOPIX Core30; JPX20260430
4569.T,杏林製薬,医薬品,,プライム内国株式; TOPIX Small 1; JPX20260430
4574.T,大幸薬品,医薬品,,プライム内国株式; TOPIX Small 2; JPX20260430
4577.T,ダイト,医薬品,,プライム内国株式; TOPIX Small 2; JPX20260430
4578.T,大塚ホールディングス,医薬品,,プライム内国株式; TOPIX Large70; JPX20260430
4587.T,ペプチドリーム,医薬品,,プライム内国株式; TOPIX Mid400; JPX20260430
4611.T,大日本塗料,化学,,プライム内国株式; TOPIX Small 2; JPX20260430
4612.T,日本ペイントホールディングス,化学,,プライム内国株式; TOPIX Mid400; JPX20260430
4613.T,関西ペイント,化学,,プライム内国株式; TOPIX Mid400; JPX20260430
4617.T,中国塗料,化学,,プライム内国株式; TOPIX Small 1; JPX20260430
4626.T,太陽ホールディングス,化学,,プライム内国株式; TOPIX Mid400; JPX20260430
4631.T,ＤＩＣ,化学,,プライム内国株式; TOPIX Mid400; JPX20260430
4633.T,サカタインクス,化学,,プライム内国株式; TOPIX Small 1; JPX20260430
4634.T,ａｒｔｉｅｎｃｅ,化学,,プライム内国株式; TOPIX Small 1; JPX20260430
4641.T,アルプス技研,サービス業,,プライム内国株式; TOPIX Small 2; JPX20260430
4658.T,日本空調サービス,サービス業,,プライム内国株式; TOPIX Small 2; JPX20260430
4661.T,オリエンタルランド,サービス業,,プライム内国株式; TOPIX Large70; JPX20260430
4662.T,フォーカスシステムズ,情報・通信業,,プライム内国株式; TOPIX Small 2; JPX20260430
4665.T,ダスキン,サービス業,,プライム内国株式; TOPIX Mid400; JPX20260430
4666.T,パーク２４,不動産業,,プライム内国株式; TOPIX Mid400; JPX20260430
4668.T,明光ネットワークジャパン,サービス業,,プライム内国株式; TOPIX Small 2; JPX20260430
4674.T,クレスコ,情報・通信業,,プライム内国株式; TOPIX Small 2; JPX20260430
4676.T,フジ・メディア・ホールディングス,情報・通信業,,プライム内国株式; TOPIX Mid400; JPX20260430
4680.T,ラウンドワン,サービス業,,プライム内国株式; TOPIX Mid400; JPX20260430
4681.T,リゾートトラスト,サービス業,,プライム内国株式; TOPIX Mid400; JPX20260430
4684.T,オービック,情報・通信業,,プライム内国株式; TOPIX Mid400; JPX20260430
4686.T,ジャストシステム,情報・通信業,,プライム内国株式; TOPIX Small 1; JPX20260430
4687.T,ＴＤＣソフト,情報・通信業,,プライム内国株式; TOPIX Small 2; JPX20260430
4689.T,ＬＩＮＥヤフー,情報・通信業,,プライム内国株式; TOPIX Large70; JPX20260430
4694.T,ビー・エム・エル,サービス業,,プライム内国株式; TOPIX Small 1; JPX20260430
4704.T,トレンドマイクロ,情報・通信業,,プライム内国株式; TOPIX Mid400; JPX20260430
4709.T,ＩＤホールディングス,情報・通信業,,プライム内国株式; TOPIX Small 2; JPX20260430
4714.T,リソー教育グループ,サービス業,,プライム内国株式; TOPIX Small 2; JPX20260430
4718.T,早稲田アカデミー,サービス業,,プライム内国株式; TOPIX Small 2; JPX20260430
4719.T,アルファシステムズ,情報・通信業,,プライム内国株式; TOPIX Small 2; JPX20260430
471A.T,ＮＳグループ,その他金融業,,プライム内国株式; TOPIX Small 2; JPX20260430
4722.T,フューチャー,情報・通信業,,プライム内国株式; TOPIX Small 1; JPX20260430
4725.T,ＣＡＣ　Ｈｏｌｄｉｎｇｓ,情報・通信業,,プライム内国株式; TOPIX Small 2; JPX20260430
4732.T,ユー・エス・エス,サービス業,,プライム内国株式; TOPIX Mid400; JPX20260430
4733.T,オービックビジネスコンサルタント,情報・通信業,,プライム内国株式; TOPIX Mid400; JPX20260430
4743.T,アイティフォー,情報・通信業,,プライム内国株式; TOPIX Small 2; JPX20260430
4751.T,サイバーエージェント,サービス業,,プライム内国株式; TOPIX Mid400; JPX20260430
4755.T,楽天グループ,サービス業,,プライム内国株式; TOPIX Mid400; JPX20260430
4763.T,クリーク・アンド・リバー社,サービス業,,プライム内国株式; TOPIX Small 2; JPX20260430
4765.T,ＳＢＩグローバルアセットマネジメント,サービス業,,プライム内国株式; TOPIX Small 2; JPX20260430
4768.T,大塚商会,情報・通信業,,プライム内国株式; TOPIX Mid400; JPX20260430
4776.T,サイボウズ,情報・通信業,,プライム内国株式; TOPIX Small 1; JPX20260430
4784.T,ＧＭＯインターネット,サービス業,,プライム内国株式; TOPIX Small 2; JPX20260430
4792.T,山田コンサルティンググループ,サービス業,,プライム内国株式; TOPIX Small 2; JPX20260430
4801.T,セントラルスポーツ,サービス業,,プライム内国株式; TOPIX Small 2; JPX20260430
4809.T,パラカ,不動産業,,プライム内国株式; TOPIX Small 2; JPX20260430
4812.T,電通総研,情報・通信業,,プライム内国株式; TOPIX Small 1; JPX20260430
4813.T,ＡＣＣＥＳＳ,情報・通信業,,プライム内国株式; JPX20260430
4819.T,デジタルガレージ,情報・通信業,,プライム内国株式; TOPIX Small 1; JPX20260430
4820.T,イーエムシステムズ,情報・通信業,,プライム内国株式; TOPIX Small 2; JPX20260430
4825.T,ウェザーニューズ,情報・通信業,,プライム内国株式; TOPIX Small 1; JPX20260430
4826.T,ＣＩＪ,情報・通信業,,プライム内国株式; TOPIX Small 2; JPX20260430
4828.T,ビジネスエンジニアリング,情報・通信業,,プライム内国株式; TOPIX Small 2; JPX20260430
4839.T,ＷＯＷＯＷ,情報・通信業,,プライム内国株式; TOPIX Small 2; JPX20260430
4847.T,インテリジェント　ウェイブ,情報・通信業,,プライム内国株式; JPX20260430
4848.T,フルキャストホールディングス,サービス業,,プライム内国株式; TOPIX Small 2; JPX20260430
4849.T,エン,サービス業,,プライム内国株式; TOPIX Small 1; JPX20260430
4886.T,あすか製薬ホールディングス,医薬品,,プライム内国株式; TOPIX Small 2; JPX20260430
4887.T,サワイグループホールディングス,医薬品,,プライム内国株式; TOPIX Mid400; JPX20260430
4901.T,富士フイルムホールディングス,化学,,プライム内国株式; TOPIX Large70; JPX20260430
4902.T,コニカミノルタ,電気機器,,プライム内国株式; TOPIX Mid400; JPX20260430
4911.T,資生堂,化学,,プライム内国株式; TOPIX Mid400; JPX20260430
4912.T,ライオン,化学,,プライム内国株式; TOPIX Mid400; JPX20260430
4914.T,高砂香料工業,化学,,プライム内国株式; TOPIX Small 1; JPX20260430
4917.T,マンダム,化学,,プライム内国株式; TOPIX Small 1; JPX20260430
4919.T,ミルボン,化学,,プライム内国株式; TOPIX Small 1; JPX20260430
4922.T,コーセーホールディングス,化学,,プライム内国株式; TOPIX Mid400; JPX20260430
4923.T,コタ,化学,,プライム内国株式; TOPIX Small 2; JPX20260430
4927.T,ポーラ・オルビスホールディングス,化学,,プライム内国株式; TOPIX Mid400; JPX20260430
4928.T,ノエビアホールディングス,化学,,プライム内国株式; TOPIX Small 1; JPX20260430
4931.T,新日本製薬,化学,,プライム内国株式; TOPIX Small 2; JPX20260430
4933.T,Ｉ－ｎｅ,化学,,プライム内国株式; TOPIX Small 2; JPX20260430
4951.T,エステー,化学,,プライム内国株式; TOPIX Small 2; JPX20260430
4956.T,コニシ,化学,,プライム内国株式; TOPIX Small 2; JPX20260430
4958.T,長谷川香料,化学,,プライム内国株式; TOPIX Small 1; JPX20260430
4967.T,小林製薬,化学,,プライム内国株式; TOPIX Mid400; JPX20260430
4968.T,荒川化学工業,化学,,プライム内国株式; TOPIX Small 2; JPX20260430
4971.T,メック,化学,,プライム内国株式; TOPIX Small 1; JPX20260430
4973.T,日本高純度化学,化学,,プライム内国株式; TOPIX Small 2; JPX20260430
4974.T,タカラバイオ,化学,,プライム内国株式; TOPIX Small 1; JPX20260430
4975.T,ＪＣＵ,化学,,プライム内国株式; TOPIX Small 1; JPX20260430
4980.T,デクセリアルズ,化学,,プライム内国株式; TOPIX Mid400; JPX20260430
4985.T,アース製薬,化学,,プライム内国株式; TOPIX Small 1; JPX20260430
4996.T,クミアイ化学工業,化学,,プライム内国株式; TOPIX Small 1; JPX20260430
4997.T,日本農薬,化学,,プライム内国株式; TOPIX Small 2; JPX20260430
5011.T,ニチレキグループ,石油・石炭製品,,プライム内国株式; TOPIX Small 2; JPX20260430
5016.T,ＪＸ金属,非鉄金属,,プライム内国株式; TOPIX Mid400; JPX20260430
5019.T,出光興産,石油・石炭製品,,プライム内国株式; TOPIX Mid400; JPX20260430
5020.T,ＥＮＥＯＳホールディングス,石油・石炭製品,,プライム内国株式; TOPIX Large70; JPX20260430
5021.T,コスモエネルギーホールディングス,石油・石炭製品,,プライム内国株式; TOPIX Mid400; JPX20260430
5032.T,ＡＮＹＣＯＬＯＲ,情報・通信業,,プライム内国株式; TOPIX Small 1; JPX20260430
5036.T,日本ビジネスシステムズ,情報・通信業,,プライム内国株式; TOPIX Small 2; JPX20260430
5074.T,テスホールディングス,建設業,,プライム内国株式; TOPIX Small 2; JPX20260430
5076.T,インフロニア・ホールディングス,建設業,,プライム内国株式; TOPIX Mid400; JPX20260430
50765.T,インフロニア・ホールディングス第１回社債型種類株式,建設業,,プライム内国株式; JPX20260430
5101.T,横浜ゴム,ゴム製品,,プライム内国株式; TOPIX Mid400; JPX20260430
5105.T,ＴＯＹＯ　ＴＩＲＥ,ゴム製品,,プライム内国株式; TOPIX Mid400; JPX20260430
5108.T,ブリヂストン,ゴム製品,,プライム内国株式; TOPIX Large70; JPX20260430
5110.T,住友ゴム工業,ゴム製品,,プライム内国株式; TOPIX Mid400; JPX20260430
5121.T,藤倉コンポジット,ゴム製品,,プライム内国株式; TOPIX Small 2; JPX20260430
5122.T,オカモト,ゴム製品,,プライム内国株式; TOPIX Small 2; JPX20260430
5142.T,アキレス,化学,,プライム内国株式; TOPIX Small 2; JPX20260430
5185.T,フコク,ゴム製品,,プライム内国株式; TOPIX Small 2; JPX20260430
5186.T,ニッタ,ゴム製品,,プライム内国株式; TOPIX Small 2; JPX20260430
5192.T,三ツ星ベルト,ゴム製品,,プライム内国株式; TOPIX Small 1; JPX20260430
5195.T,バンドー化学,ゴム製品,,プライム内国株式; TOPIX Small 2; JPX20260430
5201.T,ＡＧＣ,ガラス・土石製品,,プライム内国株式; TOPIX Mid400; JPX20260430
5202.T,日本板硝子,ガラス・土石製品,,プライム内国株式; TOPIX Small 1; JPX20260430
5208.T,有沢製作所,化学,,プライム内国株式; TOPIX Small 1; JPX20260430
5214.T,日本電気硝子,ガラス・土石製品,,プライム内国株式; TOPIX Mid400; JPX20260430
5232.T,住友大阪セメント,ガラス・土石製品,,プライム内国株式; TOPIX Mid400; JPX20260430
5233.T,太平洋セメント,ガラス・土石製品,,プライム内国株式; TOPIX Mid400; JPX20260430
5261.T,リソルホールディングス,サービス業,,プライム内国株式; JPX20260430
5262.T,日本ヒューム,ガラス・土石製品,,プライム内国株式; TOPIX Small 1; JPX20260430
5269.T,日本コンクリート工業,ガラス・土石製品,,プライム内国株式; TOPIX Small 2; JPX20260430
5288.T,アジアパイルホールディングス,ガラス・土石製品,,プライム内国株式; TOPIX Small 2; JPX20260430
5301.T,東海カーボン,ガラス・土石製品,,プライム内国株式; TOPIX Mid400; JPX20260430
5302.T,日本カーボン,ガラス・土石製品,,プライム内国株式; TOPIX Small 1; JPX20260430
5310.T,東洋炭素,ガラス・土石製品,,プライム内国株式; TOPIX Small 1; JPX20260430
5331.T,ノリタケ,ガラス・土石製品,,プライム内国株式; TOPIX Small 1; JPX20260430
5332.T,ＴＯＴＯ,ガラス・土石製品,,プライム内国株式; TOPIX Mid400; JPX20260430
5333.T,ＮＧＫ,ガラス・土石製品,,プライム内国株式; TOPIX Mid400; JPX20260430
5334.T,日本特殊陶業,ガラス・土石製品,,プライム内国株式; TOPIX Mid400; JPX20260430
5344.T,ＭＡＲＵＷＡ,ガラス・土石製品,,プライム内国株式; TOPIX Mid400; JPX20260430
5351.T,品川リフラ,ガラス・土石製品,,プライム内国株式; TOPIX Small 1; JPX20260430
5357.T,ヨータイ,ガラス・土石製品,,プライム内国株式; TOPIX Small 2; JPX20260430
5384.T,フジミインコーポレーテッド,ガラス・土石製品,,プライム内国株式; TOPIX Small 1; JPX20260430
5393.T,ニチアス,ガラス・土石製品,,プライム内国株式; TOPIX Mid400; JPX20260430
5401.T,日本製鉄,鉄鋼,,プライム内国株式; TOPIX Large70; JPX20260430
5406.T,神戸製鋼所,鉄鋼,,プライム内国株式; TOPIX Mid400; JPX20260430
5408.T,中山製鋼所,鉄鋼,,プライム内国株式; TOPIX Small 2; JPX20260430
5410.T,合同製鐵,鉄鋼,,プライム内国株式; TOPIX Small 1; JPX20260430
5411.T,ＪＦＥホールディングス,鉄鋼,,プライム内国株式; TOPIX Mid400; JPX20260430
5423.T,東京製鐵,鉄鋼,,プライム内国株式; TOPIX Small 1; JPX20260430
543A.T,ＡＲＣＨＩＯＮ,輸送用機器,,プライム内国株式; TOPIX Small 1; JPX20260430
5440.T,共英製鋼,鉄鋼,,プライム内国株式; TOPIX Small 1; JPX20260430
5444.T,大和工業,鉄鋼,,プライム内国株式; TOPIX Mid400; JPX20260430
5445.T,東京鐵鋼,鉄鋼,,プライム内国株式; TOPIX Small 1; JPX20260430
544A.T,ＧＭＳグループ,機械,,プライム内国株式; TOPIX Small 2; JPX20260430
5451.T,ヨドコウ,鉄鋼,,プライム内国株式; TOPIX Small 1; JPX20260430
545A.T,トランヴィア,情報・通信業,,プライム内国株式; TOPIX Small 2; JPX20260430
5461.T,中部鋼鈑,鉄鋼,,プライム内国株式; TOPIX Small 1; JPX20260430
5463.T,丸一鋼管,鉄鋼,,プライム内国株式; TOPIX Mid400; JPX20260430
546A.T,ＭＩＲＡＩＮＩホールディングス,卸売業,,プライム内国株式; TOPIX Small 2; JPX20260430
5471.T,大同特殊鋼,鉄鋼,,プライム内国株式; TOPIX Mid400; JPX20260430
547A.T,ムニノバホールディングス,その他金融業,,プライム内国株式; TOPIX Small 1; JPX20260430
5480.T,日本冶金工業,鉄鋼,,プライム内国株式; TOPIX Small 1; JPX20260430
5482.T,愛知製鋼,鉄鋼,,プライム内国株式; TOPIX Small 1; JPX20260430
5535.T,ミガロホールディングス,不動産業,,プライム内国株式; JPX20260430
5541.T,大平洋金属,鉄鋼,,プライム内国株式; TOPIX Small 2; JPX20260430
5563.T,新日本電工,鉄鋼,,プライム内国株式; TOPIX Small 1; JPX20260430
5602.T,栗本鐵工所,鉄鋼,,プライム内国株式; TOPIX Small 1; JPX20260430
5631.T,日本製鋼所,機械,,プライム内国株式; TOPIX Mid400; JPX20260430
5632.T,三菱製鋼,鉄鋼,,プライム内国株式; TOPIX Small 2; JPX20260430
5659.T,日本精線,鉄鋼,,プライム内国株式; TOPIX Small 2; JPX20260430
5702.T,大紀アルミニウム工業所,非鉄金属,,プライム内国株式; TOPIX Small 1; JPX20260430
5703.T,日本軽金属ホールディングス,非鉄金属,,プライム内国株式; TOPIX Small 1; JPX20260430
5706.T,三井金属,非鉄金属,,プライム内国株式; TOPIX Mid400; JPX20260430
5707.T,東邦亜鉛,非鉄金属,,プライム内国株式; TOPIX Small 2; JPX20260430
5711.T,三菱マテリアル,非鉄金属,,プライム内国株式; TOPIX Mid400; JPX20260430
5713.T,住友金属鉱山,非鉄金属,,プライム内国株式; TOPIX Mid400; JPX20260430
5714.T,ＤＯＷＡホールディングス,非鉄金属,,プライム内国株式; TOPIX Mid400; JPX20260430
5715.T,古河機械金属,非鉄金属,,プライム内国株式; TOPIX Small 1; JPX20260430
5726.T,大阪チタニウムテクノロジーズ,非鉄金属,,プライム内国株式; TOPIX Small 1; JPX20260430
5727.T,東邦チタニウム,非鉄金属,,プライム内国株式; TOPIX Small 1; JPX20260430
5741.T,ＵＡＣＪ,非鉄金属,,プライム内国株式; TOPIX Small 1; JPX20260430
5757.T,ＣＫサンエツ,非鉄金属,,プライム内国株式; TOPIX Small 2; JPX20260430
5801.T,古河電気工業,非鉄金属,,プライム内国株式; TOPIX Mid400; JPX20260430
5802.T,住友電気工業,非鉄金属,,プライム内国株式; TOPIX Large70; JPX20260430
5803.T,フジクラ,非鉄金属,,プライム内国株式; TOPIX Large70; JPX20260430
5805.T,ＳＷＣＣ,非鉄金属,,プライム内国株式; TOPIX Small 1; JPX20260430
5821.T,平河ヒューテック,非鉄金属,,プライム内国株式; TOPIX Small 2; JPX20260430
5830.T,いよぎんホールディングス,銀行業,,プライム内国株式; TOPIX Mid400; JPX20260430
5831.T,しずおかフィナンシャルグループ,銀行業,,プライム内国株式; TOPIX Mid400; JPX20260430
5832.T,ちゅうぎんフィナンシャルグループ,銀行業,,プライム内国株式; TOPIX Mid400; JPX20260430
5838.T,楽天銀行,銀行業,,プライム内国株式; TOPIX Mid400; JPX20260430
5844.T,京都フィナンシャルグループ,銀行業,,プライム内国株式; TOPIX Mid400; JPX20260430
5851.T,リョービ,非鉄金属,,プライム内国株式; TOPIX Small 1; JPX20260430
5852.T,アーレスティ,非鉄金属,,プライム内国株式; JPX20260430
5857.T,ＡＲＥホールディングス,非鉄金属,,プライム内国株式; TOPIX Small 1; JPX20260430
5889.T,Ｊａｐａｎ　Ｅｙｅｗｅａｒ　Ｈｏｌｄｉｎｇｓ,小売業,,プライム内国株式; TOPIX Small 2; JPX20260430
5901.T,東洋製罐グループホールディングス,金属製品,,プライム内国株式; TOPIX Mid400; JPX20260430
5902.T,ホッカンホールディングス,金属製品,,プライム内国株式; TOPIX Small 2; JPX20260430
5911.T,横河ブリッジホールディングス,金属製品,,プライム内国株式; TOPIX Small 1; JPX20260430
5929.T,三和ホールディングス,金属製品,,プライム内国株式; TOPIX Mid400; JPX20260430
5930.T,文化シヤッター,金属製品,,プライム内国株式; TOPIX Small 1; JPX20260430
5932.T,三協立山,金属製品,,プライム内国株式; TOPIX Small 2; JPX20260430
5933.T,アルインコ,金属製品,,プライム内国株式; TOPIX Small 2; JPX20260430
5938.T,ＬＩＸＩＬ,金属製品,,プライム内国株式; TOPIX Mid400; JPX20260430
5943.T,ノーリツ,金属製品,,プライム内国株式; TOPIX Small 1; JPX20260430
5946.T,長府製作所,金属製品,,プライム内国株式; TOPIX Small 2; JPX20260430
5947.T,リンナイ,金属製品,,プライム内国株式; TOPIX Mid400; JPX20260430
5949.T,ユニプレス,輸送用機器,,プライム内国株式; TOPIX Small 1; JPX20260430
5957.T,日東精工,金属製品,,プライム内国株式; TOPIX Small 2; JPX20260430
5959.T,岡部,金属製品,,プライム内国株式; TOPIX Small 2; JPX20260430
5970.T,ジーテクト,金属製品,,プライム内国株式; TOPIX Small 1; JPX20260430
5975.T,東プレ,金属製品,,プライム内国株式; TOPIX Small 1; JPX20260430
5976.T,高周波熱錬,金属製品,,プライム内国株式; TOPIX Small 2; JPX20260430
5981.T,東京製綱,金属製品,,プライム内国株式; TOPIX Small 2; JPX20260430
5988.T,パイオラックス,金属製品,,プライム内国株式; TOPIX Small 1; JPX20260430
5989.T,エイチワン,金属製品,,プライム内国株式; TOPIX Small 2; JPX20260430
5991.T,日本発條,金属製品,,プライム内国株式; TOPIX Mid400; JPX20260430
6005.T,三浦工業,機械,,プライム内国株式; TOPIX Mid400; JPX20260430
6013.T,タクマ,機械,,プライム内国株式; TOPIX Small 1; JPX20260430
6027.T,弁護士ドットコム,サービス業,,プライム内国株式; TOPIX Small 2; JPX20260430
6036.T,ＫｅｅＰｅｒ技研,サービス業,,プライム内国株式; TOPIX Small 1; JPX20260430
6047.T,Ｇｕｎｏｓｙ,サービス業,,プライム内国株式; TOPIX Small 2; JPX20260430
6050.T,イー・ガーディアン,サービス業,,プライム内国株式; TOPIX Small 2; JPX20260430
6055.T,ジャパンマテリアル,サービス業,,プライム内国株式; TOPIX Small 1; JPX20260430
6058.T,ベクトル,サービス業,,プライム内国株式; TOPIX Small 2; JPX20260430
6062.T,チャーム・ケア・コーポレーション,サービス業,,プライム内国株式; TOPIX Small 2; JPX20260430
6070.T,キャリアリンク,サービス業,,プライム内国株式; TOPIX Small 2; JPX20260430
6071.T,ＩＢＪ,サービス業,,プライム内国株式; TOPIX Small 2; JPX20260430
6073.T,アサンテ,サービス業,,プライム内国株式; TOPIX Small 2; JPX20260430
6078.T,バリューＨＲ,サービス業,,プライム内国株式; TOPIX Small 2; JPX20260430
6080.T,Ｍ＆Ａキャピタルパートナーズ,サービス業,,プライム内国株式; TOPIX Small 1; JPX20260430
6088.T,シグマクシス・ホールディングス,サービス業,,プライム内国株式; TOPIX Small 1; JPX20260430
6089.T,ウィルグループ,サービス業,,プライム内国株式; TOPIX Small 2; JPX20260430
6098.T,リクルートホールディングス,サービス業,,プライム内国株式; TOPIX Core30; JPX20260430
6099.T,エラン,サービス業,,プライム内国株式; TOPIX Small 2; JPX20260430
6101.T,ツガミ,機械,,プライム内国株式; TOPIX Small 1; JPX20260430
6103.T,オークマ,機械,,プライム内国株式; TOPIX Small 1; JPX20260430
6104.T,芝浦機械,機械,,プライム内国株式; TOPIX Small 1; JPX20260430
6113.T,アマダ,機械,,プライム内国株式; TOPIX Mid400; JPX20260430
6118.T,アイダエンジニアリング,機械,,プライム内国株式; TOPIX Small 1; JPX20260430
6134.T,ＦＵＪＩ,機械,,プライム内国株式; TOPIX Mid400; JPX20260430
6135.T,牧野フライス製作所,機械,,プライム内国株式; TOPIX Small 1; JPX20260430
6136.T,オーエスジー,機械,,プライム内国株式; TOPIX Mid400; JPX20260430
6140.T,旭ダイヤモンド工業,機械,,プライム内国株式; TOPIX Small 1; JPX20260430
6141.T,ＤＭＧ森精機,機械,,プライム内国株式; TOPIX Mid400; JPX20260430
6143.T,ソディック,機械,,プライム内国株式; TOPIX Small 1; JPX20260430
6146.T,ディスコ,機械,,プライム内国株式; TOPIX Large70; JPX20260430
6151.T,日東工器,機械,,プライム内国株式; TOPIX Small 2; JPX20260430
6167.T,冨士ダイス,機械,,プライム内国株式; TOPIX Small 2; JPX20260430
6178.T,日本郵政,サービス業,,プライム内国株式; TOPIX Large70; JPX20260430
6183.T,ベルシステム２４ホールディングス,サービス業,,プライム内国株式; TOPIX Small 2; JPX20260430
6184.T,鎌倉新書,サービス業,,プライム内国株式; TOPIX Small 2; JPX20260430
6191.T,エアトリ,サービス業,,プライム内国株式; TOPIX Small 2; JPX20260430
6194.T,アトラエ,サービス業,,プライム内国株式; TOPIX Small 2; JPX20260430
6196.T,ストライクグループ,サービス業,,プライム内国株式; TOPIX Small 1; JPX20260430
6197.T,ソラスト,サービス業,,プライム内国株式; TOPIX Small 2; JPX20260430
6200.T,インソース,サービス業,,プライム内国株式; TOPIX Small 1; JPX20260430
6201.T,豊田自動織機,輸送用機器,,プライム内国株式; TOPIX Large70; JPX20260430
6209.T,リケンＮＰＲ,機械,,プライム内国株式; TOPIX Small 1; JPX20260430
6222.T,島精機製作所,機械,,プライム内国株式; TOPIX Small 1; JPX20260430
6235.T,オプトラン,機械,,プライム内国株式; TOPIX Small 1; JPX20260430
6237.T,イワキポンプ,機械,,プライム内国株式; TOPIX Small 2; JPX20260430
6238.T,フリュー,機械,,プライム内国株式; TOPIX Small 2; JPX20260430
6240.T,ヤマシンフィルタ,機械,,プライム内国株式; TOPIX Small 2; JPX20260430
6247.T,日阪製作所,機械,,プライム内国株式; TOPIX Small 2; JPX20260430
6250.T,やまびこ,機械,,プライム内国株式; TOPIX Small 1; JPX20260430
6254.T,野村マイクロ・サイエンス,機械,,プライム内国株式; TOPIX Small 1; JPX20260430
6258.T,平田機工,機械,,プライム内国株式; TOPIX Small 1; JPX20260430
6264.T,マルマエ,機械,,プライム内国株式; TOPIX Small 2; JPX20260430
6266.T,タツモ,機械,,プライム内国株式; TOPIX Small 2; JPX20260430
6268.T,ナブテスコ,機械,,プライム内国株式; TOPIX Mid400; JPX20260430
6269.T,三井海洋開発,機械,,プライム内国株式; TOPIX Mid400; JPX20260430
6272.T,レオン自動機,機械,,プライム内国株式; TOPIX Small 2; JPX20260430
6273.T,ＳＭＣ,機械,,プライム内国株式; TOPIX Large70; JPX20260430
6277.T,ホソカワミクロン,機械,,プライム内国株式; TOPIX Small 1; JPX20260430
6278.T,ユニオンツール,機械,,プライム内国株式; TOPIX Small 1; JPX20260430
6279.T,瑞光,機械,,プライム内国株式; TOPIX Small 2; JPX20260430
6282.T,オイレス工業,機械,,プライム内国株式; TOPIX Small 1; JPX20260430
6284.T,日精エー・エス・ビー機械,機械,,プライム内国株式; TOPIX Small 1; JPX20260430
6287.T,サトー,機械,,プライム内国株式; TOPIX Small 1; JPX20260430
6289.T,技研製作所,機械,,プライム内国株式; TOPIX Small 2; JPX20260430
6294.T,オカダアイヨン,機械,,プライム内国株式; JPX20260430
6298.T,ワイエイシイホールディングス,機械,,プライム内国株式; TOPIX Small 2; JPX20260430
6301.T,小松製作所,機械,,プライム内国株式; TOPIX Large70; JPX20260430
6302.T,住友重機械工業,機械,,プライム内国株式; TOPIX Mid400; JPX20260430
6305.T,日立建機,機械,,プライム内国株式; TOPIX Mid400; JPX20260430
6306.T,日工,機械,,プライム内国株式; TOPIX Small 2; JPX20260430
6309.T,巴工業,機械,,プライム内国株式; TOPIX Small 2; JPX20260430
6310.T,井関農機,機械,,プライム内国株式; TOPIX Small 2; JPX20260430
6315.T,ＴＯＷＡ,機械,,プライム内国株式; TOPIX Small 1; JPX20260430
6323.T,ローツェ,機械,,プライム内国株式; TOPIX Mid400; JPX20260430
6324.T,ハーモニック・ドライブ・システムズ,機械,,プライム内国株式; TOPIX Small 2; JPX20260430
6326.T,クボタ,機械,,プライム内国株式; TOPIX Large70; JPX20260430
6328.T,荏原実業,機械,,プライム内国株式; TOPIX Small 2; JPX20260430
6330.T,東洋エンジニアリング,建設業,,プライム内国株式; TOPIX Small 2; JPX20260430
6331.T,三菱化工機,機械,,プライム内国株式; TOPIX Small 1; JPX20260430
6332.T,月島ホールディングス,機械,,プライム内国株式; TOPIX Small 1; JPX20260430
6333.T,ＴＥＩＫＯＫＵ,機械,,プライム内国株式; TOPIX Small 2; JPX20260430
6339.T,新東工業,機械,,プライム内国株式; TOPIX Small 2; JPX20260430
6340.T,澁谷工業,機械,,プライム内国株式; TOPIX Small 2; JPX20260430
6345.T,アイチ　コーポレーション,機械,,プライム内国株式; TOPIX Small 2; JPX20260430
6349.T,小森コーポレーション,機械,,プライム内国株式; TOPIX Small 1; JPX20260430
6351.T,鶴見製作所,機械,,プライム内国株式; TOPIX Small 2; JPX20260430
6358.T,酒井重工業,機械,,プライム内国株式; TOPIX Small 2; JPX20260430
6361.T,荏原製作所,機械,,プライム内国株式; TOPIX Mid400; JPX20260430
6363.T,酉島製作所,機械,,プライム内国株式; TOPIX Small 1; JPX20260430
6364.T,ＡＩＲＭＡＮ,機械,,プライム内国株式; TOPIX Small 2; JPX20260430
6367.T,ダイキン工業,機械,,プライム内国株式; TOPIX Core30; JPX20260430
6368.T,オルガノ,機械,,プライム内国株式; TOPIX Mid400; JPX20260430
6369.T,トーヨーカネツ,機械,,プライム内国株式; TOPIX Small 2; JPX20260430
6370.T,栗田工業,機械,,プライム内国株式; TOPIX Mid400; JPX20260430
6371.T,椿本チエイン,機械,,プライム内国株式; TOPIX Small 1; JPX20260430
6376.T,日機装,精密機器,,プライム内国株式; TOPIX Small 1; JPX20260430
6379.T,レイズネクスト,建設業,,プライム内国株式; TOPIX Small 2; JPX20260430
6381.T,アネスト岩田,機械,,プライム内国株式; TOPIX Small 2; JPX20260430
6383.T,ダイフク,機械,,プライム内国株式; TOPIX Mid400; JPX20260430
6387.T,サムコ,機械,,プライム内国株式; TOPIX Small 2; JPX20260430
6390.T,加藤製作所,機械,,プライム内国株式; JPX20260430
6395.T,タダノ,機械,,プライム内国株式; TOPIX Small 1; JPX20260430
6407.T,ＣＫＤ,機械,,プライム内国株式; TOPIX Small 1; JPX20260430
6412.T,平和,機械,,プライム内国株式; TOPIX Small 1; JPX20260430
6413.T,理想科学工業,機械,,プライム内国株式; TOPIX Small 2; JPX20260430
6417.T,ＳＡＮＫＹＯ,機械,,プライム内国株式; TOPIX Mid400; JPX20260430
6418.T,日本金銭機械,機械,,プライム内国株式; TOPIX Small 2; JPX20260430
6419.T,マースグループホールディングス,機械,,プライム内国株式; TOPIX Small 1; JPX20260430
6420.T,ガリレイ,機械,,プライム内国株式; TOPIX Small 1; JPX20260430
6430.T,ダイコク電機,機械,,プライム内国株式; TOPIX Small 2; JPX20260430
6432.T,竹内製作所,機械,,プライム内国株式; TOPIX Small 1; JPX20260430
6436.T,アマノ,機械,,プライム内国株式; TOPIX Mid400; JPX20260430
6440.T,ＪＵＫＩ,機械,,プライム内国株式; TOPIX Small 2; JPX20260430
6445.T,ジャノメ,機械,,プライム内国株式; TOPIX Small 2; JPX20260430
6448.T,ブラザー工業,電気機器,,プライム内国株式; TOPIX Mid400; JPX20260430
6454.T,マックス,機械,,プライム内国株式; TOPIX Small 1; JPX20260430
6455.T,モリタホールディングス,輸送用機器,,プライム内国株式; TOPIX Small 2; JPX20260430
6457.T,グローリー,機械,,プライム内国株式; TOPIX Mid400; JPX20260430
6458.T,新晃工業,機械,,プライム内国株式; TOPIX Small 1; JPX20260430
6459.T,大和冷機工業,機械,,プライム内国株式; TOPIX Small 2; JPX20260430
6460.T,セガサミーホールディングス,機械,,プライム内国株式; TOPIX Mid400; JPX20260430
6463.T,ＴＰＲ,機械,,プライム内国株式; TOPIX Small 1; JPX20260430
6464.T,ツバキ・ナカシマ,機械,,プライム内国株式; TOPIX Small 2; JPX20260430
6465.T,ホシザキ,機械,,プライム内国株式; TOPIX Mid400; JPX20260430
6471.T,日本精工,機械,,プライム内国株式; TOPIX Mid400; JPX20260430
6472.T,ＮＴＮ,機械,,プライム内国株式; TOPIX Mid400; JPX20260430
6473.T,ジェイテクト,機械,,プライム内国株式; TOPIX Mid400; JPX20260430
6474.T,不二越,機械,,プライム内国株式; TOPIX Small 1; JPX20260430
6479.T,ミネベアミツミ,電気機器,,プライム内国株式; TOPIX Mid400; JPX20260430
6480.T,日本トムソン,機械,,プライム内国株式; TOPIX Small 2; JPX20260430
6481.T,ＴＨＫ,機械,,プライム内国株式; TOPIX Mid400; JPX20260430
6486.T,イーグル工業,機械,,プライム内国株式; TOPIX Small 1; JPX20260430
6490.T,ＰＩＬＬＡＲ,機械,,プライム内国株式; TOPIX Small 1; JPX20260430
6498.T,キッツ,機械,,プライム内国株式; TOPIX Small 1; JPX20260430
6501.T,日立製作所,電気機器,,プライム内国株式; TOPIX Core30; JPX20260430
6503.T,三菱電機,電気機器,,プライム内国株式; TOPIX Core30; JPX20260430
6504.T,富士電機,電気機器,,プライム内国株式; TOPIX Mid400; JPX20260430
6506.T,安川電機,電気機器,,プライム内国株式; TOPIX Mid400; JPX20260430
6507.T,シンフォニアテクノロジー,電気機器,,プライム内国株式; TOPIX Small 1; JPX20260430
6508.T,明電舎,電気機器,,プライム内国株式; TOPIX Small 1; JPX20260430
6516.T,山洋電気,電気機器,,プライム内国株式; TOPIX Small 1; JPX20260430
6517.T,デンヨー,電気機器,,プライム内国株式; TOPIX Small 2; JPX20260430
6523.T,ＰＨＣホールディングス,電気機器,,プライム内国株式; TOPIX Small 1; JPX20260430
6525.T,ＫＯＫＵＳＡＩ　ＥＬＥＣＴＲＩＣ,電気機器,,プライム内国株式; TOPIX Mid400; JPX20260430
6526.T,ソシオネクスト,電気機器,,プライム内国株式; TOPIX Mid400; JPX20260430
6532.T,ベイカレント,サービス業,,プライム内国株式; TOPIX Mid400; JPX20260430
6533.T,Ｏｒｃｈｅｓｔｒａ　Ｈｏｌｄｉｎｇｓ,サービス業,,プライム内国株式; TOPIX Small 2; JPX20260430
6535.T,アイモバイル,サービス業,,プライム内国株式; TOPIX Small 2; JPX20260430
6539.T,ＭＳ－Ｊａｐａｎ,サービス業,,プライム内国株式; TOPIX Small 2; JPX20260430
6544.T,ジャパンエレベーターサービスホールディングス,サービス業,,プライム内国株式; TOPIX Mid400; JPX20260430
6560.T,エル・ティー・エス,サービス業,,プライム内国株式; TOPIX Small 2; JPX20260430
6564.T,ミダックホールディングス,サービス業,,プライム内国株式; TOPIX Small 2; JPX20260430
6571.T,キュービーネットホールディングス,サービス業,,プライム内国株式; TOPIX Small 2; JPX20260430
6572.T,オープングループ,サービス業,,プライム内国株式; TOPIX Small 2; JPX20260430
6584.T,三櫻工業,輸送用機器,,プライム内国株式; TOPIX Small 2; JPX20260430
6586.T,マキタ,機械,,プライム内国株式; TOPIX Mid400; JPX20260430
6588.T,東芝テック,電気機器,,プライム内国株式; TOPIX Small 1; JPX20260430
6590.T,芝浦メカトロニクス,電気機器,,プライム内国株式; TOPIX Small 1; JPX20260430
6592.T,マブチモーター,電気機器,,プライム内国株式; TOPIX Mid400; JPX20260430
6594.T,ニデック,電気機器,,プライム内国株式; JPX20260430
6615.T,ユー・エム・シー・エレクトロニクス,電気機器,,プライム内国株式; TOPIX Small 2; JPX20260430
6616.T,トレックス・セミコンダクター,電気機器,,プライム内国株式; TOPIX Small 2; JPX20260430
6617.T,東光高岳,電気機器,,プライム内国株式; TOPIX Small 2; JPX20260430
6619.T,ダブル・スコープ,電気機器,,プライム内国株式; TOPIX Small 2; JPX20260430
6620.T,宮越ホールディングス,不動産業,,プライム内国株式; TOPIX Small 2; JPX20260430
6622.T,ダイヘン,電気機器,,プライム内国株式; TOPIX Small 1; JPX20260430
6630.T,ヤーマン,電気機器,,プライム内国株式; TOPIX Small 1; JPX20260430
6632.T,ＪＶＣケンウッド,電気機器,,プライム内国株式; TOPIX Mid400; JPX20260430
6638.T,ミマキエンジニアリング,電気機器,,プライム内国株式; TOPIX Small 2; JPX20260430
6644.T,大崎電気工業,電気機器,,プライム内国株式; TOPIX Small 2; JPX20260430
6645.T,オムロン,電気機器,,プライム内国株式; TOPIX Mid400; JPX20260430
6651.T,日東工業,電気機器,,プライム内国株式; TOPIX Small 1; JPX20260430
6652.T,ＩＤＥＣ,電気機器,,プライム内国株式; TOPIX Small 1; JPX20260430
6653.T,正興電機製作所,電気機器,,プライム内国株式; JPX20260430
6674.T,ジーエス・ユアサ　コーポレーション,電気機器,,プライム内国株式; TOPIX Mid400; JPX20260430
6701.T,日本電気,電気機器,,プライム内国株式; TOPIX Large70; JPX20260430
6702.T,富士通,電気機器,,プライム内国株式; TOPIX Large70; JPX20260430
6703.T,沖電気工業,電気機器,,プライム内国株式; TOPIX Small 1; JPX20260430
6706.T,電気興業,電気機器,,プライム内国株式; TOPIX Small 2; JPX20260430
6707.T,サンケン電気,電気機器,,プライム内国株式; TOPIX Mid400; JPX20260430
6718.T,アイホン,電気機器,,プライム内国株式; TOPIX Small 2; JPX20260430
6723.T,ルネサスエレクトロニクス,電気機器,,プライム内国株式; TOPIX Large70; JPX20260430
6724.T,セイコーエプソン,電気機器,,プライム内国株式; TOPIX Mid400; JPX20260430
6727.T,ワコム,電気機器,,プライム内国株式; TOPIX Small 1; JPX20260430
6728.T,アルバック,電気機器,,プライム内国株式; TOPIX Mid400; JPX20260430
6737.T,ＥＩＺＯ,電気機器,,プライム内国株式; TOPIX Small 1; JPX20260430
6740.T,ジャパンディスプレイ,電気機器,,プライム内国株式; TOPIX Small 2; JPX20260430
6741.T,日本信号,電気機器,,プライム内国株式; TOPIX Small 2; JPX20260430
6742.T,京三製作所,電気機器,,プライム内国株式; TOPIX Small 2; JPX20260430
6744.T,能美防災,電気機器,,プライム内国株式; TOPIX Small 1; JPX20260430
6745.T,ホーチキ,電気機器,,プライム内国株式; TOPIX Small 2; JPX20260430
6750.T,エレコム,電気機器,,プライム内国株式; TOPIX Small 1; JPX20260430
6752.T,パナソニック　ホールディングス,電気機器,,プライム内国株式; TOPIX Large70; JPX20260430
6753.T,シャープ,電気機器,,プライム内国株式; TOPIX Mid400; JPX20260430
6754.T,アンリツ,電気機器,,プライム内国株式; TOPIX Mid400; JPX20260430
6758.T,ソニーグループ,電気機器,,プライム内国株式; TOPIX Core30; JPX20260430
6762.T,ＴＤＫ,電気機器,,プライム内国株式; TOPIX Large70; JPX20260430
6763.T,帝国通信工業,電気機器,,プライム内国株式; TOPIX Small 2; JPX20260430
6768.T,タムラ製作所,電気機器,,プライム内国株式; TOPIX Small 1; JPX20260430
6770.T,アルプスアルパイン,電気機器,,プライム内国株式; TOPIX Mid400; JPX20260430
6779.T,日本電波工業,電気機器,,プライム内国株式; TOPIX Small 2; JPX20260430
6785.T,鈴木,電気機器,,プライム内国株式; TOPIX Small 2; JPX20260430
6787.T,メイコー,電気機器,,プライム内国株式; TOPIX Small 1; JPX20260430
6788.T,日本トリム,電気機器,,プライム内国株式; TOPIX Small 2; JPX20260430
6794.T,フォスター電機,電気機器,,プライム内国株式; TOPIX Small 2; JPX20260430
6798.T,ＳＭＫ,電気機器,,プライム内国株式; TOPIX Small 2; JPX20260430
6800.T,ヨコオ,電気機器,,プライム内国株式; TOPIX Small 2; JPX20260430
6804.T,ホシデン,電気機器,,プライム内国株式; TOPIX Small 1; JPX20260430
6806.T,ヒロセ電機,電気機器,,プライム内国株式; TOPIX Mid400; JPX20260430
6807.T,日本航空電子工業,電気機器,,プライム内国株式; TOPIX Small 1; JPX20260430
6809.T,ＴＯＡ,電気機器,,プライム内国株式; TOPIX Small 2; JPX20260430
6810.T,マクセル,電気機器,,プライム内国株式; TOPIX Small 1; JPX20260430
6814.T,古野電気,電気機器,,プライム内国株式; TOPIX Small 1; JPX20260430
6817.T,スミダコーポレーション,電気機器,,プライム内国株式; TOPIX Small 2; JPX20260430
6820.T,アイコム,電気機器,,プライム内国株式; TOPIX Small 2; JPX20260430
6823.T,リオン,電気機器,,プライム内国株式; TOPIX Small 2; JPX20260430
6841.T,横河電機,電気機器,,プライム内国株式; TOPIX Mid400; JPX20260430
6844.T,新電元工業,電気機器,,プライム内国株式; TOPIX Small 2; JPX20260430
6845.T,アズビル,電気機器,,プライム内国株式; TOPIX Mid400; JPX20260430
6849.T,日本光電工業,電気機器,,プライム内国株式; TOPIX Mid400; JPX20260430
6850.T,チノー,電気機器,,プライム内国株式; TOPIX Small 2; JPX20260430
6856.T,堀場製作所,電気機器,,プライム内国株式; TOPIX Mid400; JPX20260430
6857.T,アドバンテスト,電気機器,,プライム内国株式; TOPIX Core30; JPX20260430
6859.T,エスペック,電気機器,,プライム内国株式; TOPIX Small 1; JPX20260430
6861.T,キーエンス,電気機器,,プライム内国株式; TOPIX Core30; JPX20260430
6866.T,日置電機,電気機器,,プライム内国株式; TOPIX Small 1; JPX20260430
6869.T,シスメックス,電気機器,,プライム内国株式; TOPIX Mid400; JPX20260430
6871.T,日本マイクロニクス,電気機器,,プライム内国株式; TOPIX Small 1; JPX20260430
6875.T,メガチップス,電気機器,,プライム内国株式; TOPIX Small 1; JPX20260430
6902.T,デンソー,輸送用機器,,プライム内国株式; TOPIX Large70; JPX20260430
6905.T,コーセル,電気機器,,プライム内国株式; TOPIX Small 2; JPX20260430
6908.T,イリソ電子工業,電気機器,,プライム内国株式; TOPIX Small 1; JPX20260430
6914.T,オプテックスグループ,電気機器,,プライム内国株式; TOPIX Small 1; JPX20260430
6920.T,レーザーテック,電気機器,,プライム内国株式; TOPIX Large70; JPX20260430
6923.T,スタンレー電気,電気機器,,プライム内国株式; TOPIX Mid400; JPX20260430
6925.T,ウシオ電機,電気機器,,プライム内国株式; TOPIX Mid400; JPX20260430
6929.T,日本セラミック,電気機器,,プライム内国株式; TOPIX Small 1; JPX20260430
6941.T,山一電機,電気機器,,プライム内国株式; TOPIX Small 1; JPX20260430
6947.T,図研,電気機器,,プライム内国株式; TOPIX Small 1; JPX20260430
6951.T,日本電子,電気機器,,プライム内国株式; TOPIX Mid400; JPX20260430
6952.T,カシオ計算機,電気機器,,プライム内国株式; TOPIX Mid400; JPX20260430
6954.T,ファナック,電気機器,,プライム内国株式; TOPIX Large70; JPX20260430
6958.T,日本シイエムケイ,電気機器,,プライム内国株式; TOPIX Small 2; JPX20260430
6961.T,エンプラス,電気機器,,プライム内国株式; TOPIX Small 2; JPX20260430
6962.T,大真空,電気機器,,プライム内国株式; TOPIX Small 2; JPX20260430
6963.T,ローム,電気機器,,プライム内国株式; TOPIX Mid400; JPX20260430
6965.T,浜松ホトニクス,電気機器,,プライム内国株式; TOPIX Mid400; JPX20260430
6966.T,三井ハイテック,電気機器,,プライム内国株式; TOPIX Small 1; JPX20260430
6971.T,京セラ,電気機器,,プライム内国株式; TOPIX Large70; JPX20260430
6976.T,太陽誘電,電気機器,,プライム内国株式; TOPIX Mid400; JPX20260430
6981.T,村田製作所,電気機器,,プライム内国株式; TOPIX Large70; JPX20260430
6986.T,双葉電子工業,電気機器,,プライム内国株式; TOPIX Small 2; JPX20260430
6988.T,日東電工,化学,,プライム内国株式; TOPIX Mid400; JPX20260430
6995.T,東海理化電機製作所,輸送用機器,,プライム内国株式; TOPIX Small 1; JPX20260430
6996.T,ニチコン,電気機器,,プライム内国株式; TOPIX Small 1; JPX20260430
6997.T,日本ケミコン,電気機器,,プライム内国株式; TOPIX Small 2; JPX20260430
6999.T,ＫＯＡ,電気機器,,プライム内国株式; TOPIX Small 1; JPX20260430
7003.T,三井Ｅ＆Ｓ,機械,,プライム内国株式; TOPIX Mid400; JPX20260430
7004.T,カナデビア,機械,,プライム内国株式; TOPIX Small 1; JPX20260430
7011.T,三菱重工業,機械,,プライム内国株式; TOPIX Core30; JPX20260430
7012.T,川崎重工業,輸送用機器,,プライム内国株式; TOPIX Mid400; JPX20260430
7013.T,ＩＨＩ,機械,,プライム内国株式; TOPIX Mid400; JPX20260430
7033.T,マネジメントソリューションズ,サービス業,,プライム内国株式; TOPIX Small 2; JPX20260430
7034.T,プロレド・パートナーズ,サービス業,,プライム内国株式; TOPIX Small 2; JPX20260430
7038.T,フロンティア・マネジメント,サービス業,,プライム内国株式; TOPIX Small 2; JPX20260430
7059.T,コプロ・ホールディングス,サービス業,,プライム内国株式; JPX20260430
7071.T,アンビスホールディングス,サービス業,,プライム内国株式; TOPIX Small 2; JPX20260430
7085.T,カーブスホールディングス,サービス業,,プライム内国株式; TOPIX Small 1; JPX20260430
7088.T,フォーラムエンジニアリング,サービス業,,プライム内国株式; JPX20260430
7095.T,Ｍａｃｂｅｅ　Ｐｌａｎｅｔ,サービス業,,プライム内国株式; TOPIX Small 2; JPX20260430
7102.T,日本車輌製造,輸送用機器,,プライム内国株式; TOPIX Small 2; JPX20260430
7128.T,ユニソルホールディングス,卸売業,,プライム内国株式; TOPIX Small 1; JPX20260430
7130.T,ヤマエグループホールディングス,卸売業,,プライム内国株式; TOPIX Small 1; JPX20260430
7148.T,ＦＰＧ,証券、商品先物取引業,,プライム内国株式; TOPIX Small 1; JPX20260430
7157.T,ライフネット生命保険,保険業,,プライム内国株式; TOPIX Small 1; JPX20260430
7164.T,全国保証,その他金融業,,プライム内国株式; TOPIX Mid400; JPX20260430
7167.T,めぶきフィナンシャルグループ,銀行業,,プライム内国株式; TOPIX Mid400; JPX20260430
7172.T,ジャパンインベストメントアドバイザー,証券、商品先物取引業,,プライム内国株式; TOPIX Small 1; JPX20260430
7173.T,東京きらぼしフィナンシャルグループ,銀行業,,プライム内国株式; TOPIX Small 1; JPX20260430
7180.T,九州フィナンシャルグループ,銀行業,,プライム内国株式; TOPIX Mid400; JPX20260430
7181.T,かんぽ生命保険,保険業,,プライム内国株式; TOPIX Mid400; JPX20260430
7182.T,ゆうちょ銀行,銀行業,,プライム内国株式; TOPIX Large70; JPX20260430
7184.T,富山第一銀行,銀行業,,プライム内国株式; TOPIX Small 1; JPX20260430
7186.T,横浜フィナンシャルグループ,銀行業,,プライム内国株式; TOPIX Mid400; JPX20260430
7187.T,ジェイリース,その他金融業,,プライム内国株式; TOPIX Small 2; JPX20260430
7189.T,西日本フィナンシャルホールディングス,銀行業,,プライム内国株式; TOPIX Mid400; JPX20260430
7198.T,ＳＢＩアルヒ,その他金融業,,プライム内国株式; TOPIX Small 2; JPX20260430
7199.T,プレミアグループ,その他金融業,,プライム内国株式; TOPIX Small 1; JPX20260430
7201.T,日産自動車,輸送用機器,,プライム内国株式; TOPIX Mid400; JPX20260430
7202.T,いすゞ自動車,輸送用機器,,プライム内国株式; TOPIX Mid400; JPX20260430
7203.T,トヨタ自動車,輸送用機器,,プライム内国株式; TOPIX Core30; JPX20260430
7211.T,三菱自動車工業,輸送用機器,,プライム内国株式; TOPIX Mid400; JPX20260430
7220.T,武蔵精密工業,輸送用機器,,プライム内国株式; TOPIX Small 1; JPX20260430
7224.T,新明和工業,輸送用機器,,プライム内国株式; TOPIX Small 1; JPX20260430
7226.T,極東開発工業,輸送用機器,,プライム内国株式; TOPIX Small 1; JPX20260430
7231.T,トピー工業,輸送用機器,,プライム内国株式; TOPIX Small 2; JPX20260430
7236.T,ティラド,輸送用機器,,プライム内国株式; TOPIX Small 2; JPX20260430
7238.T,曙ブレーキ工業,輸送用機器,,プライム内国株式; TOPIX Small 2; JPX20260430
7239.T,タチエス,輸送用機器,,プライム内国株式; TOPIX Small 1; JPX20260430
7240.T,ＮＯＫ,輸送用機器,,プライム内国株式; TOPIX Mid400; JPX20260430
7241.T,フタバ産業,輸送用機器,,プライム内国株式; TOPIX Small 1; JPX20260430
7242.T,カヤバ,輸送用機器,,プライム内国株式; TOPIX Small 1; JPX20260430
7244.T,市光工業,電気機器,,プライム内国株式; TOPIX Small 2; JPX20260430
7245.T,大同メタル工業,輸送用機器,,プライム内国株式; TOPIX Small 2; JPX20260430
7246.T,プレス工業,輸送用機器,,プライム内国株式; TOPIX Small 1; JPX20260430
7259.T,アイシン,輸送用機器,,プライム内国株式; TOPIX Mid400; JPX20260430
7261.T,マツダ,輸送用機器,,プライム内国株式; TOPIX Mid400; JPX20260430
7267.T,本田技研工業,輸送用機器,,プライム内国株式; TOPIX Core30; JPX20260430
7269.T,スズキ,輸送用機器,,プライム内国株式; TOPIX Large70; JPX20260430
7270.T,ＳＵＢＡＲＵ,輸送用機器,,プライム内国株式; TOPIX Large70; JPX20260430
7272.T,ヤマハ発動機,輸送用機器,,プライム内国株式; TOPIX Mid400; JPX20260430
7276.T,小糸製作所,電気機器,,プライム内国株式; TOPIX Mid400; JPX20260430
7278.T,エクセディ,輸送用機器,,プライム内国株式; TOPIX Small 1; JPX20260430
7280.T,ミツバ,電気機器,,プライム内国株式; TOPIX Small 1; JPX20260430
7282.T,豊田合成,輸送用機器,,プライム内国株式; TOPIX Mid400; JPX20260430
7283.T,愛三工業,輸送用機器,,プライム内国株式; TOPIX Small 1; JPX20260430
7294.T,ヨロズ,輸送用機器,,プライム内国株式; TOPIX Small 2; JPX20260430
7296.T,エフ・シー・シー,輸送用機器,,プライム内国株式; TOPIX Small 1; JPX20260430
7309.T,シマノ,輸送用機器,,プライム内国株式; TOPIX Large70; JPX20260430
7313.T,テイ・エス　テック,輸送用機器,,プライム内国株式; TOPIX Mid400; JPX20260430
7322.T,三十三フィナンシャルグループ,銀行業,,プライム内国株式; TOPIX Small 2; JPX20260430
7327.T,第四北越フィナンシャルグループ,銀行業,,プライム内国株式; TOPIX Small 1; JPX20260430
7337.T,ひろぎんホールディングス,銀行業,,プライム内国株式; TOPIX Mid400; JPX20260430
7347.T,マーキュリアホールディングス,証券、商品先物取引業,,プライム内国株式; JPX20260430
7350.T,おきなわフィナンシャルグループ,銀行業,,プライム内国株式; TOPIX Small 1; JPX20260430
7366.T,ＬＩＴＡＬＩＣＯ,サービス業,,プライム内国株式; TOPIX Small 2; JPX20260430
7380.T,十六フィナンシャルグループ,銀行業,,プライム内国株式; TOPIX Small 1; JPX20260430
7381.T,ＣＣＩグループ,銀行業,,プライム内国株式; TOPIX Small 1; JPX20260430
7383.T,ネットプロテクションズホールディングス,その他金融業,,プライム内国株式; TOPIX Small 1; JPX20260430
7384.T,プロクレアホールディングス,銀行業,,プライム内国株式; TOPIX Small 2; JPX20260430
7388.T,ＦＰパートナー,保険業,,プライム内国株式; TOPIX Small 2; JPX20260430
7389.T,あいちフィナンシャルグループ,銀行業,,プライム内国株式; TOPIX Small 1; JPX20260430
7414.T,小野建,卸売業,,プライム内国株式; TOPIX Small 2; JPX20260430
7419.T,ノジマ,小売業,,プライム内国株式; TOPIX Small 1; JPX20260430
7421.T,カッパ・クリエイト,小売業,,プライム内国株式; TOPIX Small 1; JPX20260430
7433.T,伯東,卸売業,,プライム内国株式; TOPIX Small 1; JPX20260430
7438.T,コンドーテック,卸売業,,プライム内国株式; TOPIX Small 2; JPX20260430
7447.T,ナガイレーベン,卸売業,,プライム内国株式; TOPIX Small 2; JPX20260430
7453.T,良品計画,小売業,,プライム内国株式; TOPIX Mid400; JPX20260430
7456.T,松田産業,卸売業,,プライム内国株式; TOPIX Small 1; JPX20260430
7458.T,第一興商,卸売業,,プライム内国株式; TOPIX Mid400; JPX20260430
7459.T,メディパルホールディングス,卸売業,,プライム内国株式; TOPIX Mid400; JPX20260430
7466.T,ＳＰＫ,卸売業,,プライム内国株式; TOPIX Small 2; JPX20260430
7475.T,アルビス,小売業,,プライム内国株式; TOPIX Small 2; JPX20260430
7476.T,アズワン,卸売業,,プライム内国株式; TOPIX Mid400; JPX20260430
7482.T,シモジマ,卸売業,,プライム内国株式; TOPIX Small 2; JPX20260430
7483.T,ドウシシャ,卸売業,,プライム内国株式; TOPIX Small 2; JPX20260430
7504.T,高速,卸売業,,プライム内国株式; TOPIX Small 2; JPX20260430
7508.T,Ｇ‐７ホールディングス,小売業,,プライム内国株式; TOPIX Small 2; JPX20260430
7510.T,たけびし,卸売業,,プライム内国株式; TOPIX Small 2; JPX20260430
7513.T,コジマ,小売業,,プライム内国株式; TOPIX Small 1; JPX20260430
7516.T,コーナン商事,小売業,,プライム内国株式; TOPIX Small 1; JPX20260430
7520.T,エコス,小売業,,プライム内国株式; TOPIX Small 2; JPX20260430
7522.T,ワタミ,小売業,,プライム内国株式; TOPIX Small 2; JPX20260430
7525.T,リックス,卸売業,,プライム内国株式; TOPIX Small 2; JPX20260430
7532.T,パン・パシフィック・インターナショナルホールディングス,小売業,,プライム内国株式; TOPIX Mid400; JPX20260430
7537.T,丸文,卸売業,,プライム内国株式; TOPIX Small 2; JPX20260430
7545.T,西松屋チェーン,小売業,,プライム内国株式; TOPIX Small 1; JPX20260430
7550.T,ゼンショーホールディングス,小売業,,プライム内国株式; TOPIX Mid400; JPX20260430
75505.T,ゼンショーホールディングス第１回社債型種類株式,小売業,,プライム内国株式; JPX20260430
7552.T,ハピネット,卸売業,,プライム内国株式; TOPIX Small 1; JPX20260430
7554.T,幸楽苑,小売業,,プライム内国株式; TOPIX Small 2; JPX20260430
7575.T,日本ライフライン,卸売業,,プライム内国株式; TOPIX Small 1; JPX20260430
7581.T,サイゼリヤ,小売業,,プライム内国株式; TOPIX Small 1; JPX20260430
7593.T,ＶＴホールディングス,小売業,,プライム内国株式; TOPIX Small 1; JPX20260430
7595.T,アルゴグラフィックス,情報・通信業,,プライム内国株式; TOPIX Small 1; JPX20260430
7596.T,魚力,小売業,,プライム内国株式; TOPIX Small 2; JPX20260430
7599.T,ＩＤＯＭ,卸売業,,プライム内国株式; TOPIX Small 1; JPX20260430
7600.T,日本エム・ディ・エム,精密機器,,プライム内国株式; TOPIX Small 2; JPX20260430
7606.T,ユナイテッドアローズ,小売業,,プライム内国株式; TOPIX Small 1; JPX20260430
7607.T,進和,卸売業,,プライム内国株式; TOPIX Small 2; JPX20260430
7609.T,ダイトロン,卸売業,,プライム内国株式; TOPIX Small 2; JPX20260430
7611.T,ハイデイ日高,小売業,,プライム内国株式; TOPIX Small 1; JPX20260430
7613.T,シークス,卸売業,,プライム内国株式; TOPIX Small 1; JPX20260430
7616.T,コロワイド,小売業,,プライム内国株式; TOPIX Mid400; JPX20260430
7628.T,オーハシテクニカ,卸売業,,プライム内国株式; TOPIX Small 2; JPX20260430
7630.T,壱番屋,小売業,,プライム内国株式; TOPIX Small 1; JPX20260430
7637.T,白銅,卸売業,,プライム内国株式; TOPIX Small 2; JPX20260430
7649.T,スギホールディングス,小売業,,プライム内国株式; TOPIX Mid400; JPX20260430
7679.T,薬王堂ホールディングス,小売業,,プライム内国株式; TOPIX Small 2; JPX20260430
7683.T,ダブルエー,小売業,,プライム内国株式; TOPIX Small 2; JPX20260430
7701.T,島津製作所,精密機器,,プライム内国株式; TOPIX Mid400; JPX20260430
7715.T,長野計器,精密機器,,プライム内国株式; TOPIX Small 2; JPX20260430
7717.T,ブイ・テクノロジー,精密機器,,プライム内国株式; TOPIX Small 2; JPX20260430
7721.T,東京計器,精密機器,,プライム内国株式; TOPIX Small 1; JPX20260430
7723.T,愛知時計電機,精密機器,,プライム内国株式; TOPIX Small 2; JPX20260430
7725.T,インターアクション,精密機器,,プライム内国株式; TOPIX Small 2; JPX20260430
7729.T,東京精密,精密機器,,プライム内国株式; TOPIX Mid400; JPX20260430
7730.T,マニー,精密機器,,プライム内国株式; TOPIX Small 1; JPX20260430
7731.T,ニコン,精密機器,,プライム内国株式; TOPIX Mid400; JPX20260430
7733.T,オリンパス,精密機器,,プライム内国株式; TOPIX Large70; JPX20260430
7734.T,理研計器,精密機器,,プライム内国株式; TOPIX Small 1; JPX20260430
7735.T,ＳＣＲＥＥＮホールディングス,電気機器,,プライム内国株式; TOPIX Mid400; JPX20260430
7740.T,タムロン,精密機器,,プライム内国株式; TOPIX Small 1; JPX20260430
7741.T,ＨＯＹＡ,精密機器,,プライム内国株式; TOPIX Core30; JPX20260430
7744.T,ノーリツ鋼機,精密機器,,プライム内国株式; TOPIX Small 1; JPX20260430
7745.T,Ａ＆Ｄホロンホールディングス,精密機器,,プライム内国株式; TOPIX Small 1; JPX20260430
7747.T,朝日インテック,精密機器,,プライム内国株式; TOPIX Mid400; JPX20260430
7751.T,キヤノン,電気機器,,プライム内国株式; TOPIX Large70; JPX20260430
7752.T,リコー,電気機器,,プライム内国株式; TOPIX Mid400; JPX20260430
7762.T,シチズン時計,精密機器,,プライム内国株式; TOPIX Small 1; JPX20260430
7769.T,リズム,精密機器,,プライム内国株式; JPX20260430
7780.T,メニコン,精密機器,,プライム内国株式; TOPIX Small 1; JPX20260430
7818.T,トランザクション,その他製品,,プライム内国株式; TOPIX Small 2; JPX20260430
7820.T,ニホンフラッシュ,その他製品,,プライム内国株式; TOPIX Small 2; JPX20260430
7821.T,前田工繊,その他製品,,プライム内国株式; TOPIX Small 1; JPX20260430
7826.T,フルヤ金属,その他製品,,プライム内国株式; TOPIX Small 1; JPX20260430
7832.T,バンダイナムコホールディングス,その他製品,,プライム内国株式; TOPIX Large70; JPX20260430
7839.T,ＳＨＯＥＩ,その他製品,,プライム内国株式; TOPIX Small 1; JPX20260430
7840.T,フランスベッドホールディングス,その他製品,,プライム内国株式; TOPIX Small 2; JPX20260430
7844.T,マーベラス,情報・通信業,,プライム内国株式; TOPIX Small 2; JPX20260430
7846.T,パイロットコーポレーション,その他製品,,プライム内国株式; TOPIX Mid400; JPX20260430
7856.T,萩原工業,その他製品,,プライム内国株式; TOPIX Small 2; JPX20260430
7860.T,エイベックス,情報・通信業,,プライム内国株式; TOPIX Small 1; JPX20260430
7864.T,フジシールインターナショナル,その他製品,,プライム内国株式; TOPIX Small 1; JPX20260430
7867.T,タカラトミー,その他製品,,プライム内国株式; TOPIX Mid400; JPX20260430
7868.T,広済堂ホールディングス,その他製品,,プライム内国株式; TOPIX Small 2; JPX20260430
7874.T,レック,化学,,プライム内国株式; TOPIX Small 2; JPX20260430
7888.T,三光合成,化学,,プライム内国株式; TOPIX Small 2; JPX20260430
7893.T,プロネクサス,その他製品,,プライム内国株式; TOPIX Small 2; JPX20260430
7911.T,ＴＯＰＰＡＮホールディングス,その他製品,,プライム内国株式; TOPIX Mid400; JPX20260430
7912.T,大日本印刷,その他製品,,プライム内国株式; TOPIX Mid400; JPX20260430
7914.T,共同印刷,その他製品,,プライム内国株式; TOPIX Small 2; JPX20260430
7915.T,ＮＩＳＳＨＡ,その他製品,,プライム内国株式; TOPIX Small 1; JPX20260430
7917.T,ＺＡＣＲＯＳ,化学,,プライム内国株式; TOPIX Small 2; JPX20260430
7921.T,ＴＡＫＡＲＡ　＆　ＣＯＭＰＡＮＹ,その他製品,,プライム内国株式; TOPIX Small 2; JPX20260430
7925.T,前澤化成工業,化学,,プライム内国株式; TOPIX Small 2; JPX20260430
7931.T,未来工業,化学,,プライム内国株式; TOPIX Small 2; JPX20260430
7936.T,アシックス,その他製品,,プライム内国株式; TOPIX Large70; JPX20260430
7942.T,ＪＳＰ,化学,,プライム内国株式; TOPIX Small 2; JPX20260430
7943.T,ニチハ,ガラス・土石製品,,プライム内国株式; TOPIX Small 1; JPX20260430
7944.T,ローランド,その他製品,,プライム内国株式; TOPIX Small 1; JPX20260430
7947.T,エフピコ,化学,,プライム内国株式; TOPIX Small 1; JPX20260430
7949.T,小松ウオール工業,その他製品,,プライム内国株式; TOPIX Small 2; JPX20260430
7951.T,ヤマハ,その他製品,,プライム内国株式; TOPIX Mid400; JPX20260430
7952.T,河合楽器製作所,その他製品,,プライム内国株式; TOPIX Small 2; JPX20260430
7955.T,クリナップ,その他製品,,プライム内国株式; TOPIX Small 2; JPX20260430
7956.T,ピジョン,その他製品,,プライム内国株式; TOPIX Mid400; JPX20260430
7962.T,キングジム,その他製品,,プライム内国株式; TOPIX Small 2; JPX20260430
7965.T,象印マホービン,電気機器,,プライム内国株式; TOPIX Small 1; JPX20260430
7966.T,リンテック,その他製品,,プライム内国株式; TOPIX Small 1; JPX20260430
7970.T,信越ポリマー,化学,,プライム内国株式; TOPIX Small 1; JPX20260430
7972.T,イトーキ,その他製品,,プライム内国株式; TOPIX Small 1; JPX20260430
7974.T,任天堂,その他製品,,プライム内国株式; TOPIX Core30; JPX20260430
7976.T,三菱鉛筆,その他製品,,プライム内国株式; TOPIX Small 1; JPX20260430
7979.T,松風,精密機器,,プライム内国株式; TOPIX Small 2; JPX20260430
7981.T,タカラスタンダード,その他製品,,プライム内国株式; TOPIX Small 1; JPX20260430
7984.T,コクヨ,その他製品,,プライム内国株式; TOPIX Mid400; JPX20260430
7988.T,ニフコ,化学,,プライム内国株式; TOPIX Mid400; JPX20260430
7989.T,立川ブラインド工業,金属製品,,プライム内国株式; TOPIX Small 2; JPX20260430
7990.T,グローブライド,その他製品,,プライム内国株式; TOPIX Small 1; JPX20260430
7994.T,オカムラ,その他製品,,プライム内国株式; TOPIX Small 1; JPX20260430
7995.T,バルカー,化学,,プライム内国株式; TOPIX Small 1; JPX20260430
8001.T,伊藤忠商事,卸売業,,プライム内国株式; TOPIX Core30; JPX20260430
8002.T,丸紅,卸売業,,プライム内国株式; TOPIX Large70; JPX20260430
8005.T,スクロール,小売業,,プライム内国株式; TOPIX Small 2; JPX20260430
8007.T,高島,卸売業,,プライム内国株式; JPX20260430
8008.T,ヨンドシーホールディングス,小売業,,プライム内国株式; TOPIX Small 1; JPX20260430
8011.T,三陽商会,繊維製品,,プライム内国株式; TOPIX Small 2; JPX20260430
8012.T,長瀬産業,卸売業,,プライム内国株式; TOPIX Mid400; JPX20260430
8014.T,蝶理,卸売業,,プライム内国株式; TOPIX Small 2; JPX20260430
8015.T,豊田通商,卸売業,,プライム内国株式; TOPIX Large70; JPX20260430
8016.T,オンワードホールディングス,繊維製品,,プライム内国株式; TOPIX Small 1; JPX20260430
8020.T,兼松,卸売業,,プライム内国株式; TOPIX Mid400; JPX20260430
8022.T,美津濃,その他製品,,プライム内国株式; TOPIX Small 1; JPX20260430
8031.T,三井物産,卸売業,,プライム内国株式; TOPIX Core30; JPX20260430
8032.T,日本紙パルプ商事,卸売業,,プライム内国株式; TOPIX Small 2; JPX20260430
8035.T,東京エレクトロン,電気機器,,プライム内国株式; TOPIX Core30; JPX20260430
8037.T,カメイ,卸売業,,プライム内国株式; TOPIX Small 2; JPX20260430
8043.T,スターゼン,卸売業,,プライム内国株式; TOPIX Small 2; JPX20260430
8050.T,セイコーグループ,精密機器,,プライム内国株式; TOPIX Small 1; JPX20260430
8051.T,山善,卸売業,,プライム内国株式; TOPIX Small 1; JPX20260430
8052.T,椿本興業,卸売業,,プライム内国株式; TOPIX Small 2; JPX20260430
8053.T,住友商事,卸売業,,プライム内国株式; TOPIX Large70; JPX20260430
8056.T,ＢＩＰＲＯＧＹ,情報・通信業,,プライム内国株式; TOPIX Mid400; JPX20260430
8057.T,内田洋行,卸売業,,プライム内国株式; TOPIX Small 1; JPX20260430
8058.T,三菱商事,卸売業,,プライム内国株式; TOPIX Core30; JPX20260430
8059.T,第一実業,卸売業,,プライム内国株式; TOPIX Small 2; JPX20260430
8060.T,キヤノンマーケティングジャパン,卸売業,,プライム内国株式; TOPIX Mid400; JPX20260430
8061.T,西華産業,卸売業,,プライム内国株式; TOPIX Small 1; JPX20260430
8065.T,佐藤商事,卸売業,,プライム内国株式; TOPIX Small 2; JPX20260430
8070.T,東京産業,卸売業,,プライム内国株式; TOPIX Small 2; JPX20260430
8074.T,ＹＵＡＳＡ,卸売業,,プライム内国株式; TOPIX Small 1; JPX20260430
8075.T,神鋼商事,卸売業,,プライム内国株式; TOPIX Small 2; JPX20260430
8078.T,阪和興業,卸売業,,プライム内国株式; TOPIX Small 1; JPX20260430
8079.T,正栄食品工業,卸売業,,プライム内国株式; TOPIX Small 1; JPX20260430
8081.T,カナデン,卸売業,,プライム内国株式; TOPIX Small 2; JPX20260430
8084.T,ＲＹＯＤＥＮ,卸売業,,プライム内国株式; TOPIX Small 2; JPX20260430
8086.T,ニプロ,精密機器,,プライム内国株式; TOPIX Mid400; JPX20260430
8088.T,岩谷産業,卸売業,,プライム内国株式; TOPIX Mid400; JPX20260430
8091.T,ニチモウ,卸売業,,プライム内国株式; JPX20260430
8093.T,極東貿易,卸売業,,プライム内国株式; TOPIX Small 2; JPX20260430
8095.T,アステナホールディングス,卸売業,,プライム内国株式; TOPIX Small 2; JPX20260430
8097.T,三愛オブリ,卸売業,,プライム内国株式; TOPIX Small 1; JPX20260430
8098.T,稲畑産業,卸売業,,プライム内国株式; TOPIX Small 1; JPX20260430
8101.T,ＧＳＩクレオス,卸売業,,プライム内国株式; TOPIX Small 2; JPX20260430
8103.T,明和産業,卸売業,,プライム内国株式; TOPIX Small 2; JPX20260430
8111.T,ゴールドウイン,繊維製品,,プライム内国株式; TOPIX Mid400; JPX20260430
8113.T,ユニ・チャーム,化学,,プライム内国株式; TOPIX Large70; JPX20260430
8125.T,ワキタ,卸売業,,プライム内国株式; TOPIX Small 1; JPX20260430
8129.T,東邦ホールディングス,卸売業,,プライム内国株式; TOPIX Mid400; JPX20260430
8130.T,サンゲツ,卸売業,,プライム内国株式; TOPIX Small 1; JPX20260430
8132.T,シナネンホールディングス,卸売業,,プライム内国株式; TOPIX Small 2; JPX20260430
8133.T,伊藤忠エネクス,卸売業,,プライム内国株式; TOPIX Small 1; JPX20260430
8136.T,サンリオ,卸売業,,プライム内国株式; TOPIX Mid400; JPX20260430
8137.T,サンワテクノス,卸売業,,プライム内国株式; TOPIX Small 2; JPX20260430
8141.T,新光商事,卸売業,,プライム内国株式; TOPIX Small 2; JPX20260430
8142.T,トーホー,卸売業,,プライム内国株式; TOPIX Small 2; JPX20260430
8150.T,三信電気,卸売業,,プライム内国株式; TOPIX Small 2; JPX20260430
8151.T,東陽テクニカ,卸売業,,プライム内国株式; TOPIX Small 2; JPX20260430
8153.T,モスフードサービス,卸売業,,プライム内国株式; TOPIX Small 1; JPX20260430
8154.T,加賀電子,卸売業,,プライム内国株式; TOPIX Small 1; JPX20260430
8157.T,都築電気,情報・通信業,,プライム内国株式; TOPIX Small 2; JPX20260430
8158.T,ソーダニッカ,卸売業,,プライム内国株式; TOPIX Small 2; JPX20260430
8159.T,立花エレテック,卸売業,,プライム内国株式; TOPIX Small 2; JPX20260430
8160.T,木曽路,小売業,,プライム内国株式; TOPIX Small 1; JPX20260430
8163.T,ＳＲＳホールディングス,小売業,,プライム内国株式; TOPIX Small 2; JPX20260430
8167.T,リテールパートナーズ,小売業,,プライム内国株式; TOPIX Small 2; JPX20260430
8173.T,Ｊｏｓｈｉｎ,小売業,,プライム内国株式; TOPIX Small 1; JPX20260430
8174.T,日本瓦斯,小売業,,プライム内国株式; TOPIX Mid400; JPX20260430
8179.T,ロイヤルホールディングス,小売業,,プライム内国株式; TOPIX Small 1; JPX20260430
8185.T,チヨダ,小売業,,プライム内国株式; TOPIX Small 2; JPX20260430
8194.T,ライフコーポレーション,小売業,,プライム内国株式; TOPIX Small 1; JPX20260430
8200.T,リンガーハット,小売業,,プライム内国株式; TOPIX Small 1; JPX20260430
8203.T,ＭｒＭａｘＨＤ,小売業,,プライム内国株式; TOPIX Small 2; JPX20260430
8214.T,ＡＯＫＩホールディングス,小売業,,プライム内国株式; TOPIX Small 1; JPX20260430
8217.T,オークワ,小売業,,プライム内国株式; TOPIX Small 2; JPX20260430
8218.T,コメリ,小売業,,プライム内国株式; TOPIX Small 1; JPX20260430
8219.T,青山商事,小売業,,プライム内国株式; TOPIX Small 1; JPX20260430
8227.T,しまむら,小売業,,プライム内国株式; TOPIX Mid400; JPX20260430
8233.T,高島屋,小売業,,プライム内国株式; TOPIX Mid400; JPX20260430
8237.T,松屋,小売業,,プライム内国株式; TOPIX Small 1; JPX20260430
8242.T,エイチ・ツー・オー　リテイリング,小売業,,プライム内国株式; TOPIX Mid400; JPX20260430
8252.T,丸井グループ,小売業,,プライム内国株式; TOPIX Mid400; JPX20260430
8253.T,クレディセゾン,その他金融業,,プライム内国株式; TOPIX Mid400; JPX20260430
8255.T,アクシアル　リテイリング,小売業,,プライム内国株式; TOPIX Small 2; JPX20260430
8267.T,イオン,小売業,,プライム内国株式; TOPIX Large70; JPX20260430
8273.T,イズミ,小売業,,プライム内国株式; TOPIX Small 1; JPX20260430
8276.T,平和堂,小売業,,プライム内国株式; TOPIX Small 1; JPX20260430
8278.T,フジ,小売業,,プライム内国株式; TOPIX Small 1; JPX20260430
8281.T,ゼビオホールディングス,小売業,,プライム内国株式; TOPIX Small 1; JPX20260430
8282.T,ケーズホールディングス,小売業,,プライム内国株式; TOPIX Mid400; JPX20260430
8283.T,ＰＡＬＴＡＣ,卸売業,,プライム内国株式; TOPIX Mid400; JPX20260430
8303.T,ＳＢＩ新生銀行,銀行業,,プライム内国株式; TOPIX Mid400; JPX20260430
8304.T,あおぞら銀行,銀行業,,プライム内国株式; TOPIX Mid400; JPX20260430
8306.T,三菱ＵＦＪフィナンシャル・グループ,銀行業,,プライム内国株式; TOPIX Core30; JPX20260430
8308.T,りそなホールディングス,銀行業,,プライム内国株式; TOPIX Large70; JPX20260430
8309.T,三井住友トラストグループ,銀行業,,プライム内国株式; TOPIX Large70; JPX20260430
8316.T,三井住友フィナンシャルグループ,銀行業,,プライム内国株式; TOPIX Core30; JPX20260430
8331.T,千葉銀行,銀行業,,プライム内国株式; TOPIX Mid400; JPX20260430
8334.T,群馬銀行,銀行業,,プライム内国株式; TOPIX Mid400; JPX20260430
8336.T,武蔵野銀行,銀行業,,プライム内国株式; TOPIX Small 1; JPX20260430
8337.T,千葉興業銀行,銀行業,,プライム内国株式; TOPIX Small 1; JPX20260430
8338.T,筑波銀行,銀行業,,プライム内国株式; TOPIX Small 2; JPX20260430
8341.T,七十七銀行,銀行業,,プライム内国株式; TOPIX Mid400; JPX20260430
8343.T,秋田銀行,銀行業,,プライム内国株式; TOPIX Small 2; JPX20260430
8344.T,山形銀行,銀行業,,プライム内国株式; TOPIX Small 2; JPX20260430
8345.T,岩手銀行,銀行業,,プライム内国株式; TOPIX Small 2; JPX20260430
8346.T,東邦銀行,銀行業,,プライム内国株式; TOPIX Small 1; JPX20260430
8354.T,ふくおかフィナンシャルグループ,銀行業,,プライム内国株式; TOPIX Mid400; JPX20260430
8358.T,スルガ銀行,銀行業,,プライム内国株式; TOPIX Small 1; JPX20260430
8359.T,八十二長野銀行,銀行業,,プライム内国株式; TOPIX Mid400; JPX20260430
8360.T,山梨中央銀行,銀行業,,プライム内国株式; TOPIX Small 1; JPX20260430
8361.T,大垣共立銀行,銀行業,,プライム内国株式; TOPIX Small 1; JPX20260430
8362.T,福井銀行,銀行業,,プライム内国株式; TOPIX Small 2; JPX20260430
8364.T,清水銀行,銀行業,,プライム内国株式; TOPIX Small 2; JPX20260430
8366.T,滋賀銀行,銀行業,,プライム内国株式; TOPIX Small 1; JPX20260430
8367.T,南都銀行,銀行業,,プライム内国株式; TOPIX Small 1; JPX20260430
8368.T,百五銀行,銀行業,,プライム内国株式; TOPIX Small 1; JPX20260430
8370.T,紀陽銀行,銀行業,,プライム内国株式; TOPIX Small 1; JPX20260430
8377.T,ほくほくフィナンシャルグループ,銀行業,,プライム内国株式; TOPIX Mid400; JPX20260430
8381.T,山陰合同銀行,銀行業,,プライム内国株式; TOPIX Small 1; JPX20260430
8386.T,百十四銀行,銀行業,,プライム内国株式; TOPIX Small 1; JPX20260430
8387.T,四国銀行,銀行業,,プライム内国株式; TOPIX Small 2; JPX20260430
8388.T,阿波銀行,銀行業,,プライム内国株式; TOPIX Small 1; JPX20260430
8392.T,大分銀行,銀行業,,プライム内国株式; TOPIX Small 2; JPX20260430
8393.T,宮崎銀行,銀行業,,プライム内国株式; TOPIX Small 2; JPX20260430
8395.T,佐賀銀行,銀行業,,プライム内国株式; TOPIX Small 2; JPX20260430
8399.T,琉球銀行,銀行業,,プライム内国株式; TOPIX Small 1; JPX20260430
8410.T,セブン銀行,銀行業,,プライム内国株式; TOPIX Mid400; JPX20260430
8411.T,みずほフィナンシャルグループ,銀行業,,プライム内国株式; TOPIX Core30; JPX20260430
8418.T,山口フィナンシャルグループ,銀行業,,プライム内国株式; TOPIX Mid400; JPX20260430
8424.T,芙蓉総合リース,その他金融業,,プライム内国株式; TOPIX Mid400; JPX20260430
8425.T,みずほリース,その他金融業,,プライム内国株式; TOPIX Small 1; JPX20260430
8439.T,東京センチュリー,その他金融業,,プライム内国株式; TOPIX Mid400; JPX20260430
8473.T,ＳＢＩホールディングス,証券、商品先物取引業,,プライム内国株式; TOPIX Mid400; JPX20260430
8511.T,日本証券金融,その他金融業,,プライム内国株式; TOPIX Small 1; JPX20260430
8522.T,名古屋銀行,銀行業,,プライム内国株式; TOPIX Small 1; JPX20260430
8524.T,北洋銀行,銀行業,,プライム内国株式; TOPIX Small 1; JPX20260430
8541.T,愛媛銀行,銀行業,,プライム内国株式; TOPIX Small 2; JPX20260430
8544.T,京葉銀行,銀行業,,プライム内国株式; TOPIX Small 1; JPX20260430
8550.T,栃木銀行,銀行業,,プライム内国株式; TOPIX Small 2; JPX20260430
8551.T,北日本銀行,銀行業,,プライム内国株式; TOPIX Small 2; JPX20260430
8558.T,東和銀行,銀行業,,プライム内国株式; TOPIX Small 2; JPX20260430
8566.T,リコーリース,その他金融業,,プライム内国株式; TOPIX Small 1; JPX20260430
8570.T,イオンフィナンシャルサービス,その他金融業,,プライム内国株式; TOPIX Mid400; JPX20260430
8584.T,ジャックス,その他金融業,,プライム内国株式; TOPIX Small 1; JPX20260430
8585.T,オリエントコーポレーション,その他金融業,,プライム内国株式; TOPIX Small 1; JPX20260430
8591.T,オリックス,その他金融業,,プライム内国株式; TOPIX Large70; JPX20260430
8593.T,三菱ＨＣキャピタル,その他金融業,,プライム内国株式; TOPIX Mid400; JPX20260430
8595.T,ジャフコ　グループ,証券、商品先物取引業,,プライム内国株式; TOPIX Mid400; JPX20260430
8600.T,トモニホールディングス,銀行業,,プライム内国株式; TOPIX Small 1; JPX20260430
8601.T,大和証券グループ本社,証券、商品先物取引業,,プライム内国株式; TOPIX Mid400; JPX20260430
8604.T,野村ホールディングス,証券、商品先物取引業,,プライム内国株式; TOPIX Large70; JPX20260430
8609.T,岡三証券グループ,証券、商品先物取引業,,プライム内国株式; TOPIX Small 1; JPX20260430
8613.T,丸三証券,証券、商品先物取引業,,プライム内国株式; TOPIX Small 1; JPX20260430
8614.T,東洋証券,証券、商品先物取引業,,プライム内国株式; TOPIX Small 2; JPX20260430
8616.T,東海東京フィナンシャル・ホールディングス,証券、商品先物取引業,,プライム内国株式; TOPIX Small 1; JPX20260430
8622.T,水戸証券,証券、商品先物取引業,,プライム内国株式; TOPIX Small 2; JPX20260430
8624.T,いちよし証券,証券、商品先物取引業,,プライム内国株式; TOPIX Small 2; JPX20260430
8628.T,松井証券,証券、商品先物取引業,,プライム内国株式; TOPIX Small 1; JPX20260430
8630.T,ＳＯＭＰＯホールディングス,保険業,,プライム内国株式; TOPIX Large70; JPX20260430
8697.T,日本取引所グループ,その他金融業,,プライム内国株式; TOPIX Large70; JPX20260430
8698.T,マネックスグループ,証券、商品先物取引業,,プライム内国株式; TOPIX Small 1; JPX20260430
8706.T,極東証券,証券、商品先物取引業,,プライム内国株式; TOPIX Small 1; JPX20260430
8707.T,岩井コスモホールディングス,証券、商品先物取引業,,プライム内国株式; TOPIX Small 1; JPX20260430
8708.T,アイザワ証券グループ,証券、商品先物取引業,,プライム内国株式; TOPIX Small 2; JPX20260430
8713.T,フィデアホールディングス,銀行業,,プライム内国株式; TOPIX Small 2; JPX20260430
8714.T,池田泉州ホールディングス,銀行業,,プライム内国株式; TOPIX Small 1; JPX20260430
8715.T,アニコム　ホールディングス,保険業,,プライム内国株式; TOPIX Small 1; JPX20260430
8725.T,ＭＳ＆ＡＤインシュアランスグループホールディングス,保険業,,プライム内国株式; TOPIX Large70; JPX20260430
8729.T,ソニーフィナンシャルグループ,保険業,,プライム内国株式; TOPIX Core30; JPX20260430
8739.T,スパークス・グループ,証券、商品先物取引業,,プライム内国株式; TOPIX Small 2; JPX20260430
8750.T,第一ライフグループ,保険業,,プライム内国株式; TOPIX Large70; JPX20260430
8766.T,東京海上ホールディングス,保険業,,プライム内国株式; TOPIX Core30; JPX20260430
8771.T,イー・ギャランティ,その他金融業,,プライム内国株式; TOPIX Small 1; JPX20260430
8793.T,ＮＥＣキャピタルソリューション,その他金融業,,プライム内国株式; TOPIX Small 2; JPX20260430
8795.T,Ｔ＆Ｄホールディングス,保険業,,プライム内国株式; TOPIX Mid400; JPX20260430
8798.T,アドバンスクリエイト,保険業,,プライム内国株式; TOPIX Small 2; JPX20260430
8801.T,三井不動産,不動産業,,プライム内国株式; TOPIX Large70; JPX20260430
8802.T,三菱地所,不動産業,,プライム内国株式; TOPIX Large70; JPX20260430
8803.T,平和不動産,不動産業,,プライム内国株式; TOPIX Small 1; JPX20260430
8804.T,東京建物,不動産業,,プライム内国株式; TOPIX Mid400; JPX20260430
8818.T,京阪神ビルディング,不動産業,,プライム内国株式; TOPIX Small 2; JPX20260430
8830.T,住友不動産,不動産業,,プライム内国株式; TOPIX Large70; JPX20260430
8848.T,レオパレス２１,不動産業,,プライム内国株式; TOPIX Small 1; JPX20260430
8850.T,スターツコーポレーション,不動産業,,プライム内国株式; TOPIX Small 1; JPX20260430
8860.T,フジ住宅,不動産業,,プライム内国株式; TOPIX Small 2; JPX20260430
8876.T,リログループ,サービス業,,プライム内国株式; TOPIX Mid400; JPX20260430
8877.T,エスリード,不動産業,,プライム内国株式; TOPIX Small 2; JPX20260430
8881.T,日神グループホールディングス,不動産業,,プライム内国株式; TOPIX Small 2; JPX20260430
8892.T,エスコン,不動産業,,プライム内国株式; TOPIX Small 1; JPX20260430
8897.T,ＭＩＲＡＲＴＨホールディングス,不動産業,,プライム内国株式; TOPIX Small 1; JPX20260430
8919.T,カチタス,不動産業,,プライム内国株式; TOPIX Small 1; JPX20260430
8923.T,トーセイ,不動産業,,プライム内国株式; TOPIX Small 1; JPX20260430
8934.T,サンフロンティア不動産,不動産業,,プライム内国株式; TOPIX Small 1; JPX20260430
8935.T,ＦＪネクストホールディングス,不動産業,,プライム内国株式; TOPIX Small 2; JPX20260430
8999.T,グランディハウス,不動産業,,プライム内国株式; TOPIX Small 2; JPX20260430
9001.T,東武鉄道,陸運業,,プライム内国株式; TOPIX Mid400; JPX20260430
9003.T,相鉄ホールディングス,陸運業,,プライム内国株式; TOPIX Mid400; JPX20260430
9005.T,東急,陸運業,,プライム内国株式; TOPIX Mid400; JPX20260430
9006.T,京浜急行電鉄,陸運業,,プライム内国株式; TOPIX Mid400; JPX20260430
9007.T,小田急電鉄,陸運業,,プライム内国株式; TOPIX Mid400; JPX20260430
9008.T,京王電鉄,陸運業,,プライム内国株式; TOPIX Mid400; JPX20260430
9009.T,京成電鉄,陸運業,,プライム内国株式; TOPIX Mid400; JPX20260430
9010.T,富士急行,陸運業,,プライム内国株式; TOPIX Small 1; JPX20260430
9020.T,東日本旅客鉄道,陸運業,,プライム内国株式; TOPIX Large70; JPX20260430
9021.T,西日本旅客鉄道,陸運業,,プライム内国株式; TOPIX Large70; JPX20260430
9022.T,東海旅客鉄道,陸運業,,プライム内国株式; TOPIX Large70; JPX20260430
9023.T,東京地下鉄,陸運業,,プライム内国株式; TOPIX Mid400; JPX20260430
9024.T,西武ホールディングス,陸運業,,プライム内国株式; TOPIX Mid400; JPX20260430
9025.T,鴻池運輸,陸運業,,プライム内国株式; TOPIX Small 1; JPX20260430
9031.T,西日本鉄道,陸運業,,プライム内国株式; TOPIX Mid400; JPX20260430
9037.T,ハマキョウレックス,陸運業,,プライム内国株式; TOPIX Small 1; JPX20260430
9039.T,サカイ引越センター,陸運業,,プライム内国株式; TOPIX Small 1; JPX20260430
9041.T,近鉄グループホールディングス,陸運業,,プライム内国株式; TOPIX Mid400; JPX20260430
9042.T,阪急阪神ホールディングス,陸運業,,プライム内国株式; TOPIX Mid400; JPX20260430
9044.T,ＮＡＮＫＡＩ,陸運業,,プライム内国株式; TOPIX Mid400; JPX20260430
9045.T,京阪ホールディングス,陸運業,,プライム内国株式; TOPIX Mid400; JPX20260430
9046.T,神戸電鉄,陸運業,,プライム内国株式; TOPIX Small 2; JPX20260430
9048.T,名古屋鉄道,陸運業,,プライム内国株式; TOPIX Mid400; JPX20260430
9052.T,山陽電気鉄道,陸運業,,プライム内国株式; TOPIX Small 2; JPX20260430
9064.T,ヤマトホールディングス,陸運業,,プライム内国株式; TOPIX Mid400; JPX20260430
9065.T,山九,陸運業,,プライム内国株式; TOPIX Mid400; JPX20260430
9068.T,丸全昭和運輸,陸運業,,プライム内国株式; TOPIX Small 1; JPX20260430
9069.T,センコーグループホールディングス,陸運業,,プライム内国株式; TOPIX Mid400; JPX20260430
9072.T,ニッコンホールディングス,陸運業,,プライム内国株式; TOPIX Mid400; JPX20260430
9075.T,福山通運,陸運業,,プライム内国株式; TOPIX Small 1; JPX20260430
9076.T,セイノーホールディングス,陸運業,,プライム内国株式; TOPIX Mid400; JPX20260430
9081.T,神奈川中央交通,陸運業,,プライム内国株式; TOPIX Small 2; JPX20260430
9090.T,ＡＺ－ＣＯＭ丸和ホールディングス,陸運業,,プライム内国株式; TOPIX Small 1; JPX20260430
9101.T,日本郵船,海運業,,プライム内国株式; TOPIX Large70; JPX20260430
9104.T,商船三井,海運業,,プライム内国株式; TOPIX Large70; JPX20260430
9107.T,川崎汽船,海運業,,プライム内国株式; TOPIX Mid400; JPX20260430
9110.T,ＮＳユナイテッド海運,海運業,,プライム内国株式; TOPIX Small 1; JPX20260430
9119.T,飯野海運,海運業,,プライム内国株式; TOPIX Small 1; JPX20260430
9142.T,九州旅客鉄道,陸運業,,プライム内国株式; TOPIX Mid400; JPX20260430
9143.T,ＳＧホールディングス,陸運業,,プライム内国株式; TOPIX Mid400; JPX20260430
9147.T,ＮＩＰＰＯＮ　ＥＸＰＲＥＳＳホールディングス,陸運業,,プライム内国株式; TOPIX Mid400; JPX20260430
9201.T,日本航空,空運業,,プライム内国株式; TOPIX Mid400; JPX20260430
9202.T,ＡＮＡホールディングス,空運業,,プライム内国株式; TOPIX Large70; JPX20260430
92025.T,ＡＮＡホールディングス第１回社債型種類株式,空運業,,プライム内国株式; JPX20260430
9216.T,ビーウィズ,サービス業,,プライム内国株式; TOPIX Small 2; JPX20260430
9229.T,サンウェルズ,サービス業,,プライム内国株式; TOPIX Small 2; JPX20260430
9247.T,ＴＲＥホールディングス,サービス業,,プライム内国株式; TOPIX Small 1; JPX20260430
9267.T,Ｇｅｎｋｙ　ＤｒｕｇＳｔｏｒｅｓ,小売業,,プライム内国株式; TOPIX Small 1; JPX20260430
9273.T,コーア商事ホールディングス,卸売業,,プライム内国株式; TOPIX Small 2; JPX20260430
9274.T,ＫＰＰグループホールディングス,卸売業,,プライム内国株式; TOPIX Small 1; JPX20260430
9278.T,ブックオフグループホールディングス,小売業,,プライム内国株式; TOPIX Small 2; JPX20260430
9279.T,ギフトホールディングス,小売業,,プライム内国株式; TOPIX Small 2; JPX20260430
9301.T,三菱倉庫,倉庫・運輸関連業,,プライム内国株式; TOPIX Mid400; JPX20260430
9302.T,三井倉庫ホールディングス,倉庫・運輸関連業,,プライム内国株式; TOPIX Mid400; JPX20260430
9303.T,住友倉庫,倉庫・運輸関連業,,プライム内国株式; TOPIX Small 1; JPX20260430
9304.T,澁澤倉庫,倉庫・運輸関連業,,プライム内国株式; TOPIX Small 2; JPX20260430
9305.T,ヤマタネ,卸売業,,プライム内国株式; TOPIX Small 2; JPX20260430
9310.T,日本トランスシティ,倉庫・運輸関連業,,プライム内国株式; TOPIX Small 2; JPX20260430
9319.T,中央倉庫,倉庫・運輸関連業,,プライム内国株式; TOPIX Small 2; JPX20260430
9324.T,安田倉庫,倉庫・運輸関連業,,プライム内国株式; TOPIX Small 2; JPX20260430
9332.T,ＮＩＳＳＯホールディングス,サービス業,,プライム内国株式; TOPIX Small 2; JPX20260430
9336.T,大栄環境,サービス業,,プライム内国株式; TOPIX Small 1; JPX20260430
9341.T,ＧＥＮＯＶＡ,サービス業,,プライム内国株式; TOPIX Small 2; JPX20260430
9347.T,日本管財ホールディングス,サービス業,,プライム内国株式; TOPIX Small 2; JPX20260430
9364.T,上組,倉庫・運輸関連業,,プライム内国株式; TOPIX Mid400; JPX20260430
9381.T,エーアイテイー,倉庫・運輸関連業,,プライム内国株式; TOPIX Small 2; JPX20260430
9401.T,ＴＢＳホールディングス,情報・通信業,,プライム内国株式; TOPIX Mid400; JPX20260430
9404.T,日本テレビホールディングス,情報・通信業,,プライム内国株式; TOPIX Mid400; JPX20260430
9405.T,朝日放送グループホールディングス,情報・通信業,,プライム内国株式; TOPIX Small 2; JPX20260430
9409.T,テレビ朝日ホールディングス,情報・通信業,,プライム内国株式; TOPIX Small 1; JPX20260430
9412.T,スカパーＪＳＡＴ,情報・通信業,,プライム内国株式; TOPIX Small 1; JPX20260430
9413.T,テレビ東京ホールディングス,情報・通信業,,プライム内国株式; TOPIX Small 1; JPX20260430
9416.T,ビジョン,情報・通信業,,プライム内国株式; TOPIX Small 1; JPX20260430
9418.T,Ｕ－ＮＥＸＴ　ＨＯＬＤＩＮＧＳ,情報・通信業,,プライム内国株式; TOPIX Small 1; JPX20260430
9424.T,日本通信,情報・通信業,,プライム内国株式; TOPIX Small 2; JPX20260430
9432.T,ＮＴＴ,情報・通信業,,プライム内国株式; TOPIX Core30; JPX20260430
9433.T,ＫＤＤＩ,情報・通信業,,プライム内国株式; TOPIX Core30; JPX20260430
9434.T,ソフトバンク,情報・通信業,,プライム内国株式; TOPIX Core30; JPX20260430
94345.T,ソフトバンク第１回社債型種類株式,情報・通信業,,プライム内国株式; JPX20260430
94346.T,ソフトバンク第２回社債型種類株式,情報・通信業,,プライム内国株式; JPX20260430
9435.T,光通信,情報・通信業,,プライム内国株式; TOPIX Mid400; JPX20260430
9438.T,エムティーアイ,情報・通信業,,プライム内国株式; TOPIX Small 2; JPX20260430
9449.T,ＧＭＯインターネットグループ,情報・通信業,,プライム内国株式; TOPIX Mid400; JPX20260430
9468.T,ＫＡＤＯＫＡＷＡ,情報・通信業,,プライム内国株式; TOPIX Mid400; JPX20260430
9470.T,学研ホールディングス,情報・通信業,,プライム内国株式; TOPIX Small 2; JPX20260430
9474.T,ゼンリン,情報・通信業,,プライム内国株式; TOPIX Small 2; JPX20260430
9501.T,東京電力ホールディングス,電気・ガス業,,プライム内国株式; TOPIX Mid400; JPX20260430
9502.T,中部電力,電気・ガス業,,プライム内国株式; TOPIX Mid400; JPX20260430
9503.T,関西電力,電気・ガス業,,プライム内国株式; TOPIX Mid400; JPX20260430
9504.T,中国電力,電気・ガス業,,プライム内国株式; TOPIX Mid400; JPX20260430
9505.T,北陸電力,電気・ガス業,,プライム内国株式; TOPIX Mid400; JPX20260430
9506.T,東北電力,電気・ガス業,,プライム内国株式; TOPIX Mid400; JPX20260430
9507.T,四国電力,電気・ガス業,,プライム内国株式; TOPIX Mid400; JPX20260430
9508.T,九州電力,電気・ガス業,,プライム内国株式; TOPIX Mid400; JPX20260430
9509.T,北海道電力,電気・ガス業,,プライム内国株式; TOPIX Mid400; JPX20260430
9511.T,沖縄電力,電気・ガス業,,プライム内国株式; TOPIX Small 1; JPX20260430
9513.T,電源開発,電気・ガス業,,プライム内国株式; TOPIX Mid400; JPX20260430
9517.T,イーレックス,電気・ガス業,,プライム内国株式; TOPIX Small 2; JPX20260430
9519.T,レノバ,電気・ガス業,,プライム内国株式; TOPIX Small 1; JPX20260430
9531.T,東京瓦斯,電気・ガス業,,プライム内国株式; TOPIX Mid400; JPX20260430
9532.T,大阪瓦斯,電気・ガス業,,プライム内国株式; TOPIX Mid400; JPX20260430
9533.T,東邦瓦斯,電気・ガス業,,プライム内国株式; TOPIX Mid400; JPX20260430
9534.T,北海道瓦斯,電気・ガス業,,プライム内国株式; TOPIX Small 2; JPX20260430
9535.T,広島ガス,電気・ガス業,,プライム内国株式; TOPIX Small 2; JPX20260430
9536.T,西部ガスホールディングス,電気・ガス業,,プライム内国株式; TOPIX Small 2; JPX20260430
9543.T,静岡ガス,電気・ガス業,,プライム内国株式; TOPIX Small 1; JPX20260430
9551.T,メタウォーター,電気・ガス業,,プライム内国株式; TOPIX Small 1; JPX20260430
9552.T,クオンツ総研ホールディングス,サービス業,,プライム内国株式; TOPIX Small 1; JPX20260430
9601.T,松竹,情報・通信業,,プライム内国株式; TOPIX Small 1; JPX20260430
9602.T,東宝,情報・通信業,,プライム内国株式; TOPIX Mid400; JPX20260430
9603.T,エイチ・アイ・エス,サービス業,,プライム内国株式; TOPIX Small 1; JPX20260430
9605.T,東映,情報・通信業,,プライム内国株式; TOPIX Small 1; JPX20260430
9612.T,ラックランド,サービス業,,プライム内国株式; TOPIX Small 2; JPX20260430
9616.T,共立メンテナンス,サービス業,,プライム内国株式; TOPIX Mid400; JPX20260430
9619.T,イチネンホールディングス,サービス業,,プライム内国株式; TOPIX Small 2; JPX20260430
9621.T,建設技術研究所,サービス業,,プライム内国株式; TOPIX Small 1; JPX20260430
9622.T,スペース,サービス業,,プライム内国株式; TOPIX Small 2; JPX20260430
9627.T,アインホールディングス,小売業,,プライム内国株式; TOPIX Mid400; JPX20260430
9628.T,燦ホールディングス,サービス業,,プライム内国株式; TOPIX Small 2; JPX20260430
9629.T,ピー・シー・エー,情報・通信業,,プライム内国株式; TOPIX Small 2; JPX20260430
9644.T,タナベコンサルティンググループ,サービス業,,プライム内国株式; TOPIX Small 2; JPX20260430
9658.T,ビジネスブレイン太田昭和,情報・通信業,,プライム内国株式; TOPIX Small 2; JPX20260430
9663.T,ナガワ,サービス業,,プライム内国株式; TOPIX Small 2; JPX20260430
9672.T,東京都競馬,サービス業,,プライム内国株式; TOPIX Small 1; JPX20260430
9678.T,カナモト,サービス業,,プライム内国株式; TOPIX Small 1; JPX20260430
9682.T,ＤＴＳ,情報・通信業,,プライム内国株式; TOPIX Small 1; JPX20260430
9684.T,スクウェア・エニックス・ホールディングス,情報・通信業,,プライム内国株式; TOPIX Mid400; JPX20260430
9692.T,シーイーシー,情報・通信業,,プライム内国株式; TOPIX Small 1; JPX20260430
9697.T,カプコン,情報・通信業,,プライム内国株式; TOPIX Mid400; JPX20260430
9699.T,ニシオホールディングス,サービス業,,プライム内国株式; TOPIX Small 1; JPX20260430
9702.T,アイ・エス・ビー,情報・通信業,,プライム内国株式; TOPIX Small 2; JPX20260430
9706.T,日本空港ビルデング,不動産業,,プライム内国株式; TOPIX Mid400; JPX20260430
9715.T,トランス・コスモス,サービス業,,プライム内国株式; TOPIX Small 1; JPX20260430
9716.T,乃村工藝社,サービス業,,プライム内国株式; TOPIX Small 1; JPX20260430
9722.T,藤田観光,サービス業,,プライム内国株式; TOPIX Small 1; JPX20260430
9729.T,トーカイ,サービス業,,プライム内国株式; TOPIX Small 2; JPX20260430
9735.T,セコム,サービス業,,プライム内国株式; TOPIX Large70; JPX20260430
9739.T,ＮＳＷ,情報・通信業,,プライム内国株式; TOPIX Small 2; JPX20260430
9740.T,セントラル警備保障,サービス業,,プライム内国株式; TOPIX Small 2; JPX20260430
9742.T,アイネス,情報・通信業,,プライム内国株式; TOPIX Small 2; JPX20260430
9743.T,丹青社,サービス業,,プライム内国株式; TOPIX Small 1; JPX20260430
9744.T,メイテックグループホールディングス,サービス業,,プライム内国株式; TOPIX Mid400; JPX20260430
9746.T,ＴＫＣ,情報・通信業,,プライム内国株式; TOPIX Small 1; JPX20260430
9755.T,応用地質,サービス業,,プライム内国株式; TOPIX Small 2; JPX20260430
9757.T,船井総研ホールディングス,サービス業,,プライム内国株式; TOPIX Small 1; JPX20260430
9759.T,ＮＳＤ,情報・通信業,,プライム内国株式; TOPIX Mid400; JPX20260430
9765.T,オオバ,サービス業,,プライム内国株式; JPX20260430
9766.T,コナミグループ,情報・通信業,,プライム内国株式; TOPIX Mid400; JPX20260430
9769.T,学究社,サービス業,,プライム内国株式; TOPIX Small 2; JPX20260430
9788.T,ナック,サービス業,,プライム内国株式; TOPIX Small 2; JPX20260430
9790.T,福井コンピュータホールディングス,情報・通信業,,プライム内国株式; TOPIX Small 2; JPX20260430
9793.T,ダイセキ,サービス業,,プライム内国株式; TOPIX Small 1; JPX20260430
9795.T,ステップ,サービス業,,プライム内国株式; TOPIX Small 2; JPX20260430
9824.T,泉州電業,卸売業,,プライム内国株式; TOPIX Small 1; JPX20260430
9830.T,トラスコ中山,卸売業,,プライム内国株式; TOPIX Small 1; JPX20260430
9831.T,ヤマダホールディングス,小売業,,プライム内国株式; TOPIX Mid400; JPX20260430
9832.T,オートバックスセブン,卸売業,,プライム内国株式; TOPIX Small 1; JPX20260430
9837.T,モリト,卸売業,,プライム内国株式; TOPIX Small 2; JPX20260430
9842.T,アークランズ,小売業,,プライム内国株式; TOPIX Small 1; JPX20260430
9843.T,ニトリホールディングス,小売業,,プライム内国株式; TOPIX Mid400; JPX20260430
9850.T,グルメ杵屋,小売業,,プライム内国株式; TOPIX Small 2; JPX20260430
9861.T,吉野家ホールディングス,小売業,,プライム内国株式; TOPIX Mid400; JPX20260430
9869.T,加藤産業,卸売業,,プライム内国株式; TOPIX Small 1; JPX20260430
9880.T,イノテック,電気機器,,プライム内国株式; TOPIX Small 2; JPX20260430
9882.T,イエローハット,卸売業,,プライム内国株式; TOPIX Small 1; JPX20260430
9887.T,松屋フーズホールディングス,小売業,,プライム内国株式; TOPIX Small 1; JPX20260430
9889.T,ＪＢＣＣホールディングス,情報・通信業,,プライム内国株式; TOPIX Small 1; JPX20260430
9900.T,サガミホールディングス,小売業,,プライム内国株式; TOPIX Small 1; JPX20260430
9902.T,日伝,卸売業,,プライム内国株式; TOPIX Small 2; JPX20260430
9928.T,ミロク情報サービス,情報・通信業,,プライム内国株式; TOPIX Small 2; JPX20260430
9932.T,杉本商事,卸売業,,プライム内国株式; TOPIX Small 2; JPX20260430
9934.T,因幡電機産業,卸売業,,プライム内国株式; TOPIX Mid400; JPX20260430
9936.T,王将フードサービス,小売業,,プライム内国株式; TOPIX Small 1; JPX20260430
9946.T,ミニストップ,小売業,,プライム内国株式; TOPIX Small 2; JPX20260430
9948.T,アークス,小売業,,プライム内国株式; TOPIX Small 1; JPX20260430
9956.T,バローホールディングス,小売業,,プライム内国株式; TOPIX Small 1; JPX20260430
9960.T,東テク,卸売業,,プライム内国株式; TOPIX Small 1; JPX20260430
9962.T,ミスミグループ本社,卸売業,,プライム内国株式; TOPIX Mid400; JPX20260430
9974.T,ベルク,小売業,,プライム内国株式; TOPIX Small 1; JPX20260430
9983.T,ファーストリテイリング,小売業,,プライム内国株式; TOPIX Core30; JPX20260430
9984.T,ソフトバンクグループ,情報・通信業,,プライム内国株式; TOPIX Core30; JPX20260430
9987.T,スズケン,卸売業,,プライム内国株式; TOPIX Mid400; JPX20260430
9989.T,サンドラッグ,小売業,,プライム内国株式; TOPIX Mid400; JPX20260430
9990.T,サックスバー　ホールディングス,小売業,,プライム内国株式; TOPIX Small 2; JPX20260430
9991.T,ジェコス,卸売業,,プライム内国株式; TOPIX Small 2; JPX20260430
9997.T,ベルーナ,小売業,,プライム内国株式; TOPIX Small 1; JPX20260430
